[Licensing::Module] Trying to connect to existing licensing client channel...
Built from '6000.3/staging' branch; Version is '6000.3.10f1 (e35f0c77bd8e) revision 14901004'; Using compiler version '194234433'; Build Type 'Release'
OS: 'Windows 11  (10.0.26200) Professional' Language: 'en' Physical Memory: 16140 MB
[Licensing::IpcConnector] Successfully connected to: "LicenseClient-DELL" at "2026-05-02T20:52:39.5797235Z"
BatchMode: 1, IsHumanControllingUs: 0, StartBugReporterOnCrash: 0, Is64bit: 1
System  architecture: x64
Process architecture: x64
Date: 2026-05-02T20:52:39Z

COMMAND LINE ARGUMENTS:
C:\Program Files\Unity\Hub\Editor\6000.3.10f1\Editor\Unity.exe
-adb2
-batchMode
-noUpm
-name
AssetImportWorker2
-projectPath
D:/Game Project/My Project
-logFile
Logs/AssetImportWorker2.log
-srvPort
64563
-licensingIpc
LicenseClient-DELL
-job-worker-count
5
-background-job-worker-count
8
-gc-helper-count
1
-name
AssetImport
Successfully changed project path to: D:/Game Project/My Project
D:/Game Project/My Project
[UnityMemory] Configuration Parameters - Can be set up in boot.config
    "memorysetup-temp-allocator-size-nav-mesh-worker=65536"
    "memorysetup-temp-allocator-size-audio-worker=65536"
    "memorysetup-temp-allocator-size-gfx=262144"
    "memorysetup-allocator-temp-initial-block-size-main=262144"
    "memorysetup-allocator-temp-initial-block-size-worker=262144"
    "memorysetup-temp-allocator-size-background-worker=32768"
    "memorysetup-temp-allocator-size-job-worker=262144"
    "memorysetup-temp-allocator-size-preload-manager=33554432"
    "memorysetup-temp-allocator-size-gi-baking-worker=262144"
    "memorysetup-temp-allocator-size-gi-baking-worker=262144"
    "memorysetup-temp-allocator-size-gi-baking-worker=262144"
    "memorysetup-temp-allocator-size-gi-baking-worker=262144"
    "memorysetup-temp-allocator-size-gi-baking-worker=262144"
    "memorysetup-bucket-allocator-granularity=16"
    "memorysetup-bucket-allocator-bucket-count=8"
    "memorysetup-bucket-allocator-block-size=33554432"
    "memorysetup-bucket-allocator-block-count=8"
    "memorysetup-main-allocator-block-size=16777216"
    "memorysetup-thread-allocator-block-size=16777216"
    "memorysetup-gfx-main-allocator-block-size=16777216"
    "memorysetup-gfx-thread-allocator-block-size=16777216"
    "memorysetup-cache-allocator-block-size=4194304"
    "memorysetup-typetree-allocator-block-size=2097152"
    "memorysetup-profiler-bucket-allocator-granularity=16"
    "memorysetup-profiler-bucket-allocator-bucket-count=8"
    "memorysetup-profiler-bucket-allocator-block-size=33554432"
    "memorysetup-profiler-bucket-allocator-block-count=8"
    "memorysetup-profiler-allocator-block-size=16777216"
    "memorysetup-profiler-editor-allocator-block-size=1048576"
    "memorysetup-temp-allocator-size-main=16777216"
    "memorysetup-job-temp-allocator-block-size=2097152"
    "memorysetup-job-temp-allocator-block-size-background=1048576"
    "memorysetup-job-temp-allocator-reduction-small-platforms=262144"
    "memorysetup-temp-allocator-size-cloud-worker=32768"
Player connection [19060]  Target information:

Player connection [19060]  * "[IP] 192.168.18.202 [Port] 0 [Flags] 2 [Guid] 2075567800 [EditorId] 2075567800 [Version] 1048832 [Id] WindowsEditor(7,DESKTOP-N8RULEN) [Debug] 1 [PackageName] WindowsEditor [ProjectName] Editor" 

Player connection [19060] Host joined multi-casting on [225.0.0.222:54997]...
Player connection [19060] Host joined alternative multi-casting on [225.0.0.222:34997]...
JobSystem: Creating JobQueue using job-worker-count value 5
Input System module state changed to: Initialized.
[Physics::Module] Initialized fallback backend.
[Physics::Module] Id: 0xdecafbad
Library Redirect Path: Library/
[Physics::Module] Selected backend.
[Physics::Module] Name: PhysX
[Physics::Module] Id: 0xf2b8ea05
[Physics::Module] SDK Version: 4.1.2
[Physics::Module] Integration Version: 1.0.0
[Physics::Module] Threading Mode: Multi-Threaded
Refreshing native plugins compatible for Editor in 620.59 ms, found 25 plugins.
Preloading 1 native plugins for Editor in 2.60 ms.
Initialize engine version: 6000.3.10f1 (e35f0c77bd8e)
[Subsystems] Discovering subsystems at path C:/Program Files/Unity/Hub/Editor/6000.3.10f1/Editor/Data/Resources/UnitySubsystems
[Subsystems] Discovering subsystems at path D:/Game Project/My Project/Assets
GfxDevice: creating device client; kGfxThreadingModeNonThreaded
Direct3D:
    Version:  Direct3D 11.0 [level 11.1]
    Renderer: NVIDIA Quadro P3200 (ID=0x1bbb)
    Vendor:   NVIDIA
    VRAM:     6023 MB
    Driver:   32.0.15.7324
Shader 'Hidden/FXAA Preset 2_SM': fallback shader 'Hidden/FXAA II' not found
Shader 'Hidden/FXAA Preset 3_SM': fallback shader 'Hidden/FXAA II' not found
Shader 'SkyMaster/Terrain SNOW Lite': dependency 'AddPassShader' shader 'Hidden/Nature/Terrain/Bumped Specular AddPass' not found
[Licensing::Client] Handshaking with LicensingClient:
  Version:                 1.17.4+4293ba1
  Session Id:              43f3cf84dec3422b86739574cea8af6a
  Correlation Id:          3822a15d41f39f76bfa7b961a25c790d
  External correlation Id: 468329186062097141
  Machine Id:              vN+DYHy8H69kPIjjKdaUl3D7lhE=
[Licensing::Module] Successfully connected to LicensingClient on channel: "LicenseClient-DELL" (connect: 0.00s, validation: 0.00s, handshake: 5.04s)
[Licensing::IpcConnector] Successfully connected to: "LicenseClient-DELL-notifications" at "2026-05-02T20:52:44.6193138Z"
[Licensing::Module] Licensing Background thread has ended after 5.04s
Initialize mono
Mono path[0] = 'C:/Program Files/Unity/Hub/Editor/6000.3.10f1/Editor/Data/Managed'
Mono path[1] = 'C:/Program Files/Unity/Hub/Editor/6000.3.10f1/Editor/Data/MonoBleedingEdge/lib/mono/unityjit-win32'
Mono config path = 'C:/Program Files/Unity/Hub/Editor/6000.3.10f1/Editor/Data/MonoBleedingEdge/etc'
Using monoOptions --debugger-agent=transport=dt_socket,embedding=1,server=y,suspend=n,address=127.0.0.1:56788
Begin MonoManager ReloadAssembly
Registering precompiled unity dll's ...
Register platform support module: C:/Program Files/Unity/Hub/Editor/6000.3.10f1/Editor/Data/PlaybackEngines/WindowsStandaloneSupport/UnityEditor.WindowsStandalone.Extensions.dll
[Licensing::Client] Successfully resolved entitlement details
[Licensing::Module] License group:
  Id: 18968244499043-UnityPersXXXX
  Product: Unity Personal
  Type: Assigned
  Expiration: Unlimited
Register platform support module: C:/Program Files/Unity/Hub/Editor/6000.3.10f1/Editor/Data/PlaybackEngines/AndroidPlayer/UnityEditor.Android.Extensions.dll
Registered in 0.006092 seconds.
- Loaded All Assemblies, in  1.896 seconds
Native extension for Android target not found
Android Extension - Scanning For ADB Devices 522 ms
Native extension for WindowsStandalone target not found
ScheduleIndexationOnStartup MainProcess:False IndexOnStartup:True
Mono: successfully reloaded assembly
- Finished resetting the current domain, in  1.343 seconds
Domain Reload Profiling: 3237ms
	BeginReloadAssembly (224ms)
		ExecutionOrderSort (0ms)
		DisableScriptedObjects (0ms)
		BackupInstance (0ms)
		ReleaseScriptingObjects (0ms)
		CreateAndSetChildDomain (1ms)
	RebuildCommonClasses (475ms)
	RebuildNativeTypeToScriptingClass (20ms)
	initialDomainReloadingComplete (78ms)
	LoadAllAssembliesAndSetupDomain (1096ms)
		LoadAssemblies (221ms)
		RebuildTransferFunctionScriptingTraits (0ms)
		AnalyzeDomain (1091ms)
			TypeCache.Refresh (1089ms)
				TypeCache.ScanAssembly (620ms)
			BuildScriptInfoCaches (0ms)
			ResolveRequiredComponents (1ms)
	FinalizeReload (1344ms)
		ReleaseScriptCaches (0ms)
		RebuildScriptCaches (0ms)
		SetupLoadedEditorAssemblies (1253ms)
			LogAssemblyErrors (0ms)
			InitializePlatformSupportModulesInManaged (719ms)
			SetLoadedEditorAssemblies (5ms)
			BeforeProcessingInitializeOnLoad (151ms)
			ProcessInitializeOnLoadAttributes (268ms)
			ProcessInitializeOnLoadMethodAttributes (110ms)
			AfterProcessingInitializeOnLoad (0ms)
			EditorAssembliesLoaded (0ms)
		ExecutionOrderSort2 (0ms)
		AwakeInstancesAfterBackupRestoration (0ms)
Assembly reference Packages/com.unity.cinemachine/Editor/Samples/ExposeHDRPInternals/HDRP-Editor-ref.asmref has no target assembly definition
========================================================================
Worker process is ready to serve import requests
Import Worker Mode flag is 0x00
Assembly reference Packages/com.unity.cinemachine/Editor/Samples/ExposeHDRPInternals/HDRP-Editor-ref.asmref has no target assembly definition
Assembly reference Packages/com.unity.cinemachine/Editor/Samples/ExposeHDRPInternals/HDRP-Editor-ref.asmref has no target assembly definition
Begin MonoManager ReloadAssembly
[Licensing::Client] Successfully resolved entitlement details
Duplicate assembly 'System.Runtime.CompilerServices.Unsafe.dll' with different versions detected, using 'Packages/com.unity.collections/Unity.Collections.Tests/System.Runtime.CompilerServices.Unsafe/System.Runtime.CompilerServices.Unsafe.dll, AssemblyName=System.Runtime.CompilerServices.Unsafe, Version=6.0.0.0, Culture=neutral, PublicKeyToken=b03f5f7f11d50a3a' and ignoring 'Packages/com.unity.ai.assistant/Plugins/Markdig/Dependencies/System.Runtime.CompilerServices.Unsafe.dll, AssemblyName=System.Runtime.CompilerServices.Unsafe, Version=4.0.6.0, Culture=neutral, PublicKeyToken=b03f5f7f11d50a3a'.Symbol file LoadedFromMemory is not a mono symbol file
Symbol file LoadedFromMemory is not a mono symbol file
- Loaded All Assemblies, in  2.050 seconds
Assembly reference Packages/com.unity.cinemachine/Editor/Samples/ExposeHDRPInternals/HDRP-Editor-ref.asmref has no target assembly definition
'Packages/com.unity.cinemachine/Editor/Obsolete/CinemachineVirtualCameraBaseEditor.cs' contains partial class of Unity.Object, exactly 1 of the partial classes needs to be in a file with the same filename. This is to know the one that can be referenced from ie. GameObjects
'Assets/Invector-3rdPersonController/Basic Locomotion/Scripts/Ragdoll/vDamageReceiver.cs' contains partial class of Unity.Object, exactly 1 of the partial classes needs to be in a file with the same filename. This is to know the one that can be referenced from ie. GameObjects
'Assets/Invector-3rdPersonController/Shooter/Scripts/Shooter/vDamageReceiver.cs' contains partial class of Unity.Object, exactly 1 of the partial classes needs to be in a file with the same filename. This is to know the one that can be referenced from ie. GameObjects
'Packages/com.unity.cinemachine/Editor/Editors/CinemachineVirtualCameraBaseEditor.cs' contains partial class of Unity.Object, exactly 1 of the partial classes needs to be in a file with the same filename. This is to know the one that can be referenced from ie. GameObjects
Refreshing native plugins compatible for Editor in 6.87 ms, found 25 plugins.
Native extension for Android target not found
Native extension for WindowsStandalone target not found
Assembly reference Packages/com.unity.cinemachine/Editor/Samples/ExposeHDRPInternals/HDRP-Editor-ref.asmref has no target assembly definition
Package Manager log level set to [2]
[Package Manager] Failed to launch server process. Reason: Unity was launched with the -noUpm command-line argument
[Package Manager] Unable to send message (not connected to server process).
[Package Manager] Cannot connect to Unity Package Manager local server
Refreshing native plugins compatible for Editor in 5.78 ms, found 25 plugins.
[Package Manager] Failed to launch server process. Reason: Unity was launched with the -noUpm command-line argument
[Package Manager] Unable to send message (not connected to server process).
[Package Manager] Cannot connect to Unity Package Manager local server
[Package Manager] Failed to launch server process. Reason: Unity was launched with the -noUpm command-line argument
[Package Manager] Unable to send message (not connected to server process).
[Package Manager] Cannot connect to Unity Package Manager local server
ScheduleIndexationOnStartup MainProcess:False IndexOnStartup:True
Mono: successfully reloaded assembly
- Finished resetting the current domain, in  3.037 seconds
Domain Reload Profiling: 5083ms
	BeginReloadAssembly (275ms)
		ExecutionOrderSort (0ms)
		DisableScriptedObjects (10ms)
		BackupInstance (0ms)
		ReleaseScriptingObjects (0ms)
		CreateAndSetChildDomain (46ms)
	RebuildCommonClasses (72ms)
	RebuildNativeTypeToScriptingClass (20ms)
	initialDomainReloadingComplete (50ms)
	LoadAllAssembliesAndSetupDomain (1628ms)
		LoadAssemblies (789ms)
		RebuildTransferFunctionScriptingTraits (0ms)
		AnalyzeDomain (985ms)
			TypeCache.Refresh (799ms)
				TypeCache.ScanAssembly (749ms)
			BuildScriptInfoCaches (147ms)
			ResolveRequiredComponents (30ms)
	FinalizeReload (3038ms)
		ReleaseScriptCaches (0ms)
		RebuildScriptCaches (0ms)
		SetupLoadedEditorAssemblies (2640ms)
			LogAssemblyErrors (0ms)
			InitializePlatformSupportModulesInManaged (27ms)
			SetLoadedEditorAssemblies (9ms)
			BeforeProcessingInitializeOnLoad (324ms)
			ProcessInitializeOnLoadAttributes (1815ms)
			ProcessInitializeOnLoadMethodAttributes (458ms)
			AfterProcessingInitializeOnLoad (6ms)
			EditorAssembliesLoaded (0ms)
		ExecutionOrderSort2 (0ms)
		AwakeInstancesAfterBackupRestoration (9ms)
WARNING: Shader Unsupported: 'Toon/Lit Outline' - All subshaders removed
WARNING: Shader Did you use #pragma only_renderers and omit this platform?
WARNING: Shader If subshaders removal was intentional, you may have forgotten turning Fallback off?
WARNING: Shader Unsupported: 'Toon/Lit Outline' - All subshaders removed
WARNING: Shader Did you use #pragma only_renderers and omit this platform?
WARNING: Shader If subshaders removal was intentional, you may have forgotten turning Fallback off?
WARNING: Shader Unsupported: 'SkyMaster/SMFoggyTerrainFP' - All subshaders removed
WARNING: Shader Did you use #pragma only_renderers and omit this platform?
WARNING: Shader If subshaders removal was intentional, you may have forgotten turning Fallback off?
WARNING: Shader Unsupported: 'SkyMaster/SMFoggyTerrainFP' - All subshaders removed
WARNING: Shader Did you use #pragma only_renderers and omit this platform?
WARNING: Shader If subshaders removal was intentional, you may have forgotten turning Fallback off?
WARNING: Shader Unsupported: 'Toon/Basic Outline' - All subshaders removed
WARNING: Shader Did you use #pragma only_renderers and omit this platform?
WARNING: Shader If subshaders removal was intentional, you may have forgotten turning Fallback off?
WARNING: Shader Unsupported: 'Toon/Basic Outline' - All subshaders removed
WARNING: Shader Did you use #pragma only_renderers and omit this platform?
WARNING: Shader If subshaders removal was intentional, you may have forgotten turning Fallback off?
Shader 'Hidden/FXAA Preset 2_SM': fallback shader 'Hidden/FXAA II' not found
Shader 'Hidden/FXAA Preset 3_SM': fallback shader 'Hidden/FXAA II' not found
Shader 'SkyMaster/Terrain SNOW Lite': dependency 'AddPassShader' shader 'Hidden/Nature/Terrain/Bumped Specular AddPass' not found
Launched and connected shader compiler UnityShaderCompiler.exe after 0.10 seconds
Refreshing native plugins compatible for Editor in 16.71 ms, found 25 plugins.
Preloading 1 native plugins for Editor in 0.18 ms.
Unloading 86 Unused Serialized files (Serialized files now loaded: 0)
Unloading 10940 unused Assets / (28.2 MB). Loaded Objects now: 11974.
Memory consumption went from 280.8 MB to 252.6 MB.
Total: 49.654600 ms (FindLiveObjects: 3.060100 ms CreateObjectMapping: 3.723100 ms MarkObjects: 19.012400 ms  DeleteObjects: 23.856200 ms)

========================================================================
Received Import Request.
  Time since last request: 16027.083162 seconds.
  path: Assets/Invector-3rdPersonController/Basic Locomotion/3D Models/Characters/Invector@V-Bot 2.0/Material/Custom/Members_Plastic.mat
  artifactKey: Guid(4a9aabb04c2af0e42a67b624135c49e7) Importer(2089858483,b0f066a214c2f5e87bad3c948f4d605d)
Start importing Assets/Invector-3rdPersonController/Basic Locomotion/3D Models/Characters/Invector@V-Bot 2.0/Material/Custom/Members_Plastic.mat using Guid(4a9aabb04c2af0e42a67b624135c49e7) Importer(2089858483,b0f066a214c2f5e87bad3c948f4d605d) (ScriptedImporter) -> (artifact id: 'd0bbae50797dd2b20e5bff3bd3397676') in 0.4448436 seconds
Number of updated asset objects reloaded before import = 0Number of asset objects unloaded after import = 4

========================================================================
Received Import Request.
  Time since last request: 0.000260 seconds.
  path: Assets/Standard Assets/Environment/SpeedTree/Broadleaf/Broadleaf_Mobile Materials/LOD2/Branches_0.mat
  artifactKey: Guid(cd764ab8662bea6468202df8741bcfd3) Importer(2089858483,b0f066a214c2f5e87bad3c948f4d605d)
Start importing Assets/Standard Assets/Environment/SpeedTree/Broadleaf/Broadleaf_Mobile Materials/LOD2/Branches_0.mat using Guid(cd764ab8662bea6468202df8741bcfd3) Importer(2089858483,b0f066a214c2f5e87bad3c948f4d605d) (ScriptedImporter) -> (artifact id: '95320abe7c77356ebcf54b19c2b51fe1') in 0.0417041 seconds
Number of updated asset objects reloaded before import = 0Number of asset objects unloaded after import = 3

========================================================================
Received Import Request.
  Time since last request: 0.000062 seconds.
  path: Assets/Invector-3rdPersonController/Shooter/Resources/Shared/Environment/Materials/LinesWhite.mat
  artifactKey: Guid(09d2711cb134c78409078c4645fae1cd) Importer(2089858483,b0f066a214c2f5e87bad3c948f4d605d)
Start importing Assets/Invector-3rdPersonController/Shooter/Resources/Shared/Environment/Materials/LinesWhite.mat using Guid(09d2711cb134c78409078c4645fae1cd) Importer(2089858483,b0f066a214c2f5e87bad3c948f4d605d) (ScriptedImporter) -> (artifact id: '95d4d49588b374a79707137417c717f4') in 0.0328298 seconds
Number of updated asset objects reloaded before import = 0Number of asset objects unloaded after import = 3

========================================================================
Received Import Request.
  Time since last request: 0.000046 seconds.
  path: Assets/SampleScenes/Materials/NavyDarkGrid.mat
  artifactKey: Guid(01c04496878436140922b19f5220712b) Importer(2089858483,b0f066a214c2f5e87bad3c948f4d605d)
Start importing Assets/SampleScenes/Materials/NavyDarkGrid.mat using Guid(01c04496878436140922b19f5220712b) Importer(2089858483,b0f066a214c2f5e87bad3c948f4d605d) (ScriptedImporter) -> (artifact id: 'c07fa6403faf16514b15457ececb69ce') in 0.0417582 seconds
Number of updated asset objects reloaded before import = 0Number of asset objects unloaded after import = 3

========================================================================
Received Import Request.
  Time since last request: 0.000042 seconds.
  path: Assets/Invector-3rdPersonController/Shooter/TargetTrainingMiniGame/Materials/ShooterTrainingTableGlass.mat
  artifactKey: Guid(82b5682a98e72354e8150e9d206442bc) Importer(2089858483,b0f066a214c2f5e87bad3c948f4d605d)
Start importing Assets/Invector-3rdPersonController/Shooter/TargetTrainingMiniGame/Materials/ShooterTrainingTableGlass.mat using Guid(82b5682a98e72354e8150e9d206442bc) Importer(2089858483,b0f066a214c2f5e87bad3c948f4d605d) (ScriptedImporter) -> (artifact id: '46e5703e737ca8004d0de387e235b583') in 0.0348535 seconds
Number of updated asset objects reloaded before import = 0Number of asset objects unloaded after import = 3

========================================================================
Received Import Request.
  Time since last request: 0.000154 seconds.
  path: Assets/Invector-3rdPersonController/Basic Locomotion/3D Models/Others/Materials/blue_cube_simple.mat
  artifactKey: Guid(b9c988e3a01f8a34f8cf350e4f566def) Importer(2089858483,b0f066a214c2f5e87bad3c948f4d605d)
Start importing Assets/Invector-3rdPersonController/Basic Locomotion/3D Models/Others/Materials/blue_cube_simple.mat using Guid(b9c988e3a01f8a34f8cf350e4f566def) Importer(2089858483,b0f066a214c2f5e87bad3c948f4d605d) (ScriptedImporter) -> (artifact id: '27ea5c8a9242adaa5884d4be7e75a2d8') in 0.0408635 seconds
Number of updated asset objects reloaded before import = 0Number of asset objects unloaded after import = 4

========================================================================
Received Import Request.
  Time since last request: 0.000047 seconds.
  path: Assets/Invector-3rdPersonController/Basic Locomotion/3D Models/Others/Materials/invector-icon-white.mat
  artifactKey: Guid(31b68aadfd419f548b4a8c7d60cd5847) Importer(2089858483,b0f066a214c2f5e87bad3c948f4d605d)
Start importing Assets/Invector-3rdPersonController/Basic Locomotion/3D Models/Others/Materials/invector-icon-white.mat using Guid(31b68aadfd419f548b4a8c7d60cd5847) Importer(2089858483,b0f066a214c2f5e87bad3c948f4d605d) (ScriptedImporter) -> (artifact id: 'ac9ad122b6bf6376bd095bc5b6294261') in 0.0370385 seconds
Number of updated asset objects reloaded before import = 0Number of asset objects unloaded after import = 2

========================================================================
Received Import Request.
  Time since last request: 0.000068 seconds.
  path: Assets/Invector-3rdPersonController/Basic Locomotion/3D Models/Textures/prototype_textures/Materials/ladder_chromo.mat
  artifactKey: Guid(b2b10d5d20df19c4095609048c3bec10) Importer(2089858483,b0f066a214c2f5e87bad3c948f4d605d)
Start importing Assets/Invector-3rdPersonController/Basic Locomotion/3D Models/Textures/prototype_textures/Materials/ladder_chromo.mat using Guid(b2b10d5d20df19c4095609048c3bec10) Importer(2089858483,b0f066a214c2f5e87bad3c948f4d605d) (ScriptedImporter) -> (artifact id: '87dc4faaa58a916a62012385b1330aa6') in 0.033233 seconds
Number of updated asset objects reloaded before import = 0Number of asset objects unloaded after import = 1

========================================================================
Received Import Request.
  Time since last request: 0.000093 seconds.
  path: Assets/Invector-3rdPersonController/Melee Combat/3DModels/Other/Vases/Materials/Internal.mat
  artifactKey: Guid(328fd55135317734abaa9edc7c05270a) Importer(2089858483,b0f066a214c2f5e87bad3c948f4d605d)
Start importing Assets/Invector-3rdPersonController/Melee Combat/3DModels/Other/Vases/Materials/Internal.mat using Guid(328fd55135317734abaa9edc7c05270a) Importer(2089858483,b0f066a214c2f5e87bad3c948f4d605d) (ScriptedImporter) -> (artifact id: '795b081d8b99f2e0afe4df5d0d0fdc27') in 0.0469849 seconds
Number of updated asset objects reloaded before import = 0Number of asset objects unloaded after import = 2

========================================================================
Received Import Request.
  Time since last request: 0.000046 seconds.
  path: Assets/Invector-3rdPersonController/Basic Locomotion/3D Models/Characters/Invector@V-Bot/Materials@custom/base-2@custom.mat
  artifactKey: Guid(089472169283b7e4490f59c8fcb44a0e) Importer(2089858483,b0f066a214c2f5e87bad3c948f4d605d)
Start importing Assets/Invector-3rdPersonController/Basic Locomotion/3D Models/Characters/Invector@V-Bot/Materials@custom/base-2@custom.mat using Guid(089472169283b7e4490f59c8fcb44a0e) Importer(2089858483,b0f066a214c2f5e87bad3c948f4d605d) (ScriptedImporter) -> (artifact id: '44c59d00d373f9b16183a6333365ed1b') in 0.0307282 seconds
Number of updated asset objects reloaded before import = 0Number of asset objects unloaded after import = 2

========================================================================
Received Import Request.
  Time since last request: 0.000052 seconds.
  path: Assets/Invector-3rdPersonController/Basic Locomotion/3D Models/Textures/prototype_textures/Materials/proto_green.mat
  artifactKey: Guid(404138e866b65de4e978510443a8d0c2) Importer(2089858483,b0f066a214c2f5e87bad3c948f4d605d)
Start importing Assets/Invector-3rdPersonController/Basic Locomotion/3D Models/Textures/prototype_textures/Materials/proto_green.mat using Guid(404138e866b65de4e978510443a8d0c2) Importer(2089858483,b0f066a214c2f5e87bad3c948f4d605d) (ScriptedImporter) -> (artifact id: 'd8fc4bc0d02bf6327636e2aac46ad222') in 0.0556361 seconds
Number of updated asset objects reloaded before import = 0Number of asset objects unloaded after import = 3

========================================================================
Received Import Request.
  Time since last request: 0.000062 seconds.
  path: Assets/Invector-3rdPersonController/ItemManager/3D Models/Materials/collectable 1.mat
  artifactKey: Guid(af750708db6d7504dbdd396c16d5a460) Importer(2089858483,b0f066a214c2f5e87bad3c948f4d605d)
Start importing Assets/Invector-3rdPersonController/ItemManager/3D Models/Materials/collectable 1.mat using Guid(af750708db6d7504dbdd396c16d5a460) Importer(2089858483,b0f066a214c2f5e87bad3c948f4d605d) (ScriptedImporter) -> (artifact id: '63be9acd8bb7c194e0202d6ce6c5a4c9') in 0.0321418 seconds
Number of updated asset objects reloaded before import = 0Number of asset objects unloaded after import = 2

========================================================================
Received Import Request.
  Time since last request: 0.000060 seconds.
  path: Assets/Invector-3rdPersonController/Basic Locomotion/3D Models/Characters/Invector@V-Bot/Materials/V-bot-mobile@Color.mat
  artifactKey: Guid(bbe3709136bbfc947ba4dd440bd633eb) Importer(2089858483,b0f066a214c2f5e87bad3c948f4d605d)
Start importing Assets/Invector-3rdPersonController/Basic Locomotion/3D Models/Characters/Invector@V-Bot/Materials/V-bot-mobile@Color.mat using Guid(bbe3709136bbfc947ba4dd440bd633eb) Importer(2089858483,b0f066a214c2f5e87bad3c948f4d605d) (ScriptedImporter) -> (artifact id: 'dbad859be75ce19b533b1733d6637fab') in 0.0355099 seconds
Number of updated asset objects reloaded before import = 0Number of asset objects unloaded after import = 3

========================================================================
Received Import Request.
  Time since last request: 0.000029 seconds.
  path: Assets/Invector-3rdPersonController/ItemManager/Icons/Melee/Materials/shooter_icon.mat
  artifactKey: Guid(ec55d1a0413ffe544bf7b4b0ce3afabb) Importer(2089858483,b0f066a214c2f5e87bad3c948f4d605d)
Start importing Assets/Invector-3rdPersonController/ItemManager/Icons/Melee/Materials/shooter_icon.mat using Guid(ec55d1a0413ffe544bf7b4b0ce3afabb) Importer(2089858483,b0f066a214c2f5e87bad3c948f4d605d) (ScriptedImporter) -> (artifact id: 'eed784cf11d74852efcca1829de37944') in 0.0348035 seconds
Number of updated asset objects reloaded before import = 0Number of asset objects unloaded after import = 2

========================================================================
Received Import Request.
  Time since last request: 0.000071 seconds.
  path: Assets/Invector-3rdPersonController/Shooter/3DModels/Weapons/vWeaponsNew/mesh/Materials/ScopeLens.mat
  artifactKey: Guid(23290caa7c36140438015201c322beaa) Importer(2089858483,b0f066a214c2f5e87bad3c948f4d605d)
Start importing Assets/Invector-3rdPersonController/Shooter/3DModels/Weapons/vWeaponsNew/mesh/Materials/ScopeLens.mat using Guid(23290caa7c36140438015201c322beaa) Importer(2089858483,b0f066a214c2f5e87bad3c948f4d605d) (ScriptedImporter) -> (artifact id: '7413e7b0c7cf82125b14e5f57221e466') in 0.036883 seconds
Number of updated asset objects reloaded before import = 0Number of asset objects unloaded after import = 1

========================================================================
Received Import Request.
  Time since last request: 0.000068 seconds.
  path: Assets/Standard Assets/Environment/SpeedTree/Palm/Palm_Desktop Materials/LOD1/Branches_0.mat
  artifactKey: Guid(46160e8fc1456bc4d9fb3de64ba88c31) Importer(2089858483,b0f066a214c2f5e87bad3c948f4d605d)
Start importing Assets/Standard Assets/Environment/SpeedTree/Palm/Palm_Desktop Materials/LOD1/Branches_0.mat using Guid(46160e8fc1456bc4d9fb3de64ba88c31) Importer(2089858483,b0f066a214c2f5e87bad3c948f4d605d) (ScriptedImporter) -> (artifact id: 'a68759aa4fcc85beac349cf510eacf36') in 0.0342613 seconds
Number of updated asset objects reloaded before import = 0Number of asset objects unloaded after import = 4

========================================================================
Received Import Request.
  Time since last request: 0.000065 seconds.
  path: Assets/Invector-3rdPersonController/Basic Locomotion/3D Models/Others/Materials/invector-icon-black.mat
  artifactKey: Guid(39d6724e2b23c8b428548aa580145ac7) Importer(2089858483,b0f066a214c2f5e87bad3c948f4d605d)
Start importing Assets/Invector-3rdPersonController/Basic Locomotion/3D Models/Others/Materials/invector-icon-black.mat using Guid(39d6724e2b23c8b428548aa580145ac7) Importer(2089858483,b0f066a214c2f5e87bad3c948f4d605d) (ScriptedImporter) -> (artifact id: '8fcb4bf5baecd6e1321c300cd9c04bcd') in 0.0240918 seconds
Number of updated asset objects reloaded before import = 0Number of asset objects unloaded after import = 1

========================================================================
Received Import Request.
  Time since last request: 0.000035 seconds.
  path: Assets/SampleScenes/Materials/MauveSmooth.mat
  artifactKey: Guid(d2985de4f27bfa340a12c3ef95d47167) Importer(2089858483,b0f066a214c2f5e87bad3c948f4d605d)
Start importing Assets/SampleScenes/Materials/MauveSmooth.mat using Guid(d2985de4f27bfa340a12c3ef95d47167) Importer(2089858483,b0f066a214c2f5e87bad3c948f4d605d) (ScriptedImporter) -> (artifact id: 'fbf83fb5f7471965e37018e37bd89e29') in 0.0374468 seconds
Number of updated asset objects reloaded before import = 0Number of asset objects unloaded after import = 2

========================================================================
Received Import Request.
  Time since last request: 0.000040 seconds.
  path: Assets/Standard Assets/Environment/SpeedTree/Broadleaf/Broadleaf_Mobile Materials/Billboard.mat
  artifactKey: Guid(8c1755df5f552e843b9f8485f72e71f8) Importer(2089858483,b0f066a214c2f5e87bad3c948f4d605d)
Start importing Assets/Standard Assets/Environment/SpeedTree/Broadleaf/Broadleaf_Mobile Materials/Billboard.mat using Guid(8c1755df5f552e843b9f8485f72e71f8) Importer(2089858483,b0f066a214c2f5e87bad3c948f4d605d) (ScriptedImporter) -> (artifact id: '1ab9bf0cada5a65af293a541dc8391cb') in 0.0406893 seconds
Number of updated asset objects reloaded before import = 0Number of asset objects unloaded after import = 3

========================================================================
Received Import Request.
  Time since last request: 0.000057 seconds.
  path: Assets/Invector-3rdPersonController/Basic Locomotion/3D Models/Others/Materials/red_cube.mat
  artifactKey: Guid(a9506c0f53e9e8b42ad76e32ff4e305b) Importer(2089858483,b0f066a214c2f5e87bad3c948f4d605d)
Start importing Assets/Invector-3rdPersonController/Basic Locomotion/3D Models/Others/Materials/red_cube.mat using Guid(a9506c0f53e9e8b42ad76e32ff4e305b) Importer(2089858483,b0f066a214c2f5e87bad3c948f4d605d) (ScriptedImporter) -> (artifact id: '6bec281618d72a568f71051428b36711') in 0.030931 seconds
Number of updated asset objects reloaded before import = 0Number of asset objects unloaded after import = 4

========================================================================
Received Import Request.
  Time since last request: 0.000058 seconds.
  path: Assets/Invector-3rdPersonController/Basic Locomotion/3D Models/Characters/Invector@V-Bot/Materials/chrome.mat
  artifactKey: Guid(8009a20034d14e1468bfb9cd117078cc) Importer(2089858483,b0f066a214c2f5e87bad3c948f4d605d)
Start importing Assets/Invector-3rdPersonController/Basic Locomotion/3D Models/Characters/Invector@V-Bot/Materials/chrome.mat using Guid(8009a20034d14e1468bfb9cd117078cc) Importer(2089858483,b0f066a214c2f5e87bad3c948f4d605d) (ScriptedImporter) -> (artifact id: '94fb903cd87ae2a106ba29dabd46c701') in 0.0287129 seconds
Number of updated asset objects reloaded before import = 0Number of asset objects unloaded after import = 1

========================================================================
Received Import Request.
  Time since last request: 0.000033 seconds.
  path: Assets/SampleScenes/Materials/TealSmooth.mat
  artifactKey: Guid(ee9f7b84e86227a4fadc5e7f42e84b97) Importer(2089858483,b0f066a214c2f5e87bad3c948f4d605d)
Start importing Assets/SampleScenes/Materials/TealSmooth.mat using Guid(ee9f7b84e86227a4fadc5e7f42e84b97) Importer(2089858483,b0f066a214c2f5e87bad3c948f4d605d) (ScriptedImporter) -> (artifact id: 'f7a7804d99f2065523eee6f6f91defc3') in 0.0228209 seconds
Number of updated asset objects reloaded before import = 0Number of asset objects unloaded after import = 2

========================================================================
Received Import Request.
  Time since last request: 0.000031 seconds.
  path: Assets/Invector-3rdPersonController/Shooter/3DModels/Weapons/vRifle/Materials/vWeapon_b_grenade_difuse.mat
  artifactKey: Guid(a7593b22638106c4cb5c538e2d89153f) Importer(2089858483,b0f066a214c2f5e87bad3c948f4d605d)
Start importing Assets/Invector-3rdPersonController/Shooter/3DModels/Weapons/vRifle/Materials/vWeapon_b_grenade_difuse.mat using Guid(a7593b22638106c4cb5c538e2d89153f) Importer(2089858483,b0f066a214c2f5e87bad3c948f4d605d) (ScriptedImporter) -> (artifact id: '57b54235186339a9e31a72d10eaa2f3b') in 0.0285846 seconds
Number of updated asset objects reloaded before import = 0Number of asset objects unloaded after import = 3

========================================================================
Received Import Request.
  Time since last request: 0.000033 seconds.
  path: Assets/Invector-3rdPersonController/Shooter/3DModels/Weapons/vRifle/Materials/Scope_Difuse.mat
  artifactKey: Guid(3ff548cb6c06b4840b3ae047d56d488f) Importer(2089858483,b0f066a214c2f5e87bad3c948f4d605d)
Start importing Assets/Invector-3rdPersonController/Shooter/3DModels/Weapons/vRifle/Materials/Scope_Difuse.mat using Guid(3ff548cb6c06b4840b3ae047d56d488f) Importer(2089858483,b0f066a214c2f5e87bad3c948f4d605d) (ScriptedImporter) -> (artifact id: 'febc8bd7b0517a51deea3da4e7f44e28') in 0.0277537 seconds
Number of updated asset objects reloaded before import = 0Number of asset objects unloaded after import = 3

========================================================================
Received Import Request.
  Time since last request: 0.000020 seconds.
  path: Assets/Invector-3rdPersonController/ItemManager/3D Models/Materials/transp.002.mat
  artifactKey: Guid(b6d5c8820aa1fcd4a8b39206430696a2) Importer(2089858483,b0f066a214c2f5e87bad3c948f4d605d)
Start importing Assets/Invector-3rdPersonController/ItemManager/3D Models/Materials/transp.002.mat using Guid(b6d5c8820aa1fcd4a8b39206430696a2) Importer(2089858483,b0f066a214c2f5e87bad3c948f4d605d) (ScriptedImporter) -> (artifact id: '41f7658efac1579f07ad453ab4f9f06f') in 0.0204914 seconds
Number of updated asset objects reloaded before import = 0Number of asset objects unloaded after import = 1

========================================================================
Received Import Request.
  Time since last request: 0.000046 seconds.
  path: Assets/Invector-3rdPersonController/Basic Locomotion/3D Models/Others/Materials/blue_door_simple.mat
  artifactKey: Guid(36f46cb6c3aa5b341af66d6edf02bca9) Importer(2089858483,b0f066a214c2f5e87bad3c948f4d605d)
Start importing Assets/Invector-3rdPersonController/Basic Locomotion/3D Models/Others/Materials/blue_door_simple.mat using Guid(36f46cb6c3aa5b341af66d6edf02bca9) Importer(2089858483,b0f066a214c2f5e87bad3c948f4d605d) (ScriptedImporter) -> (artifact id: 'a130f686cb6bb48256deb81ed3ebf21b') in 0.0439519 seconds
Number of updated asset objects reloaded before import = 0Number of asset objects unloaded after import = 4

========================================================================
Received Import Request.
  Time since last request: 0.000043 seconds.
  path: Assets/SampleScenes/Materials/NavyGrid.mat
  artifactKey: Guid(297e3a11e7d07fc48b4f71056b4f927f) Importer(2089858483,b0f066a214c2f5e87bad3c948f4d605d)
Start importing Assets/SampleScenes/Materials/NavyGrid.mat using Guid(297e3a11e7d07fc48b4f71056b4f927f) Importer(2089858483,b0f066a214c2f5e87bad3c948f4d605d) (ScriptedImporter) -> (artifact id: '98f7a7c70ccf8f8ca71e58e2df7dcdd0') in 0.0350673 seconds
Number of updated asset objects reloaded before import = 0Number of asset objects unloaded after import = 3

========================================================================
Received Import Request.
  Time since last request: 0.000362 seconds.
  path: Assets/Invector-3rdPersonController/Basic Locomotion/3D Models/Characters/Invector@V-Bot/Materials@custom/base-1@custom.mat
  artifactKey: Guid(e8dc3a834ff82674bb185ef3a9385eb3) Importer(2089858483,b0f066a214c2f5e87bad3c948f4d605d)
Start importing Assets/Invector-3rdPersonController/Basic Locomotion/3D Models/Characters/Invector@V-Bot/Materials@custom/base-1@custom.mat using Guid(e8dc3a834ff82674bb185ef3a9385eb3) Importer(2089858483,b0f066a214c2f5e87bad3c948f4d605d) (ScriptedImporter) -> (artifact id: 'af017446554ff6d8b5473f2b37930939') in 0.0395227 seconds
Number of updated asset objects reloaded before import = 0Number of asset objects unloaded after import = 3

========================================================================
Received Import Request.
  Time since last request: 0.000044 seconds.
  path: Assets/Standard Assets/Environment/SpeedTree/Palm/Palm_Desktop Materials/LOD1/Fronds_2.mat
  artifactKey: Guid(654a2c1b911b36647b211a44a46e6d09) Importer(2089858483,b0f066a214c2f5e87bad3c948f4d605d)
Start importing Assets/Standard Assets/Environment/SpeedTree/Palm/Palm_Desktop Materials/LOD1/Fronds_2.mat using Guid(654a2c1b911b36647b211a44a46e6d09) Importer(2089858483,b0f066a214c2f5e87bad3c948f4d605d) (ScriptedImporter) -> (artifact id: 'b242e95cb06f2affff1d489a9a349022') in 0.0310566 seconds
Number of updated asset objects reloaded before import = 0Number of asset objects unloaded after import = 3

========================================================================
Received Import Request.
  Time since last request: 0.000046 seconds.
  path: Assets/Standard Assets/Vehicles/Aircraft/Materials/AircraftWingsPropellersGrey.mat
  artifactKey: Guid(9cc96cc80c50454429965171ff4e500d) Importer(2089858483,b0f066a214c2f5e87bad3c948f4d605d)
Start importing Assets/Standard Assets/Vehicles/Aircraft/Materials/AircraftWingsPropellersGrey.mat using Guid(9cc96cc80c50454429965171ff4e500d) Importer(2089858483,b0f066a214c2f5e87bad3c948f4d605d) (ScriptedImporter) -> (artifact id: '7d10c52bf44cb461560d56801f3bc4fc') in 0.0763311 seconds
Number of updated asset objects reloaded before import = 0Number of asset objects unloaded after import = 3

========================================================================
Received Import Request.
  Time since last request: 0.000038 seconds.
  path: Assets/Invector-3rdPersonController/Basic Locomotion/3D Models/Others/Materials/mobile_cube.mat
  artifactKey: Guid(3805243f7383ee740acbc079d3c7b38f) Importer(2089858483,b0f066a214c2f5e87bad3c948f4d605d)
Start importing Assets/Invector-3rdPersonController/Basic Locomotion/3D Models/Others/Materials/mobile_cube.mat using Guid(3805243f7383ee740acbc079d3c7b38f) Importer(2089858483,b0f066a214c2f5e87bad3c948f4d605d) (ScriptedImporter) -> (artifact id: '17c4321731d67c68cddc8cef891716e5') in 0.0356552 seconds
Number of updated asset objects reloaded before import = 0Number of asset objects unloaded after import = 4

========================================================================
Received Import Request.
  Time since last request: 0.000024 seconds.
  path: Assets/Standard Assets/Vehicles/Aircraft/Materials/AircraftWingsJetGrey.mat
  artifactKey: Guid(42672579dbdf2c8449598d21e2c569ec) Importer(2089858483,b0f066a214c2f5e87bad3c948f4d605d)
Start importing Assets/Standard Assets/Vehicles/Aircraft/Materials/AircraftWingsJetGrey.mat using Guid(42672579dbdf2c8449598d21e2c569ec) Importer(2089858483,b0f066a214c2f5e87bad3c948f4d605d) (ScriptedImporter) -> (artifact id: 'd3c886ba217eb7b674c75d20866f2c66') in 0.0784646 seconds
Number of updated asset objects reloaded before import = 0Number of asset objects unloaded after import = 3

========================================================================
Received Import Request.
  Time since last request: 0.000034 seconds.
  path: Assets/Invector-3rdPersonController/Shooter/3DModels/Props/targetPractice/Materials/targetPractice.mat
  artifactKey: Guid(421b891ff49317b4c8a72e6d8d782cd4) Importer(2089858483,b0f066a214c2f5e87bad3c948f4d605d)
Start importing Assets/Invector-3rdPersonController/Shooter/3DModels/Props/targetPractice/Materials/targetPractice.mat using Guid(421b891ff49317b4c8a72e6d8d782cd4) Importer(2089858483,b0f066a214c2f5e87bad3c948f4d605d) (ScriptedImporter) -> (artifact id: '048831d4f7163e111c461ae560f906b0') in 0.0416261 seconds
Number of updated asset objects reloaded before import = 0Number of asset objects unloaded after import = 3

========================================================================
Received Import Request.
  Time since last request: 0.000040 seconds.
  path: Assets/SampleScenes/Materials/NavyDarkSmooth.mat
  artifactKey: Guid(338dbf9d35df70d428453cc78f8eaa18) Importer(2089858483,b0f066a214c2f5e87bad3c948f4d605d)
Start importing Assets/SampleScenes/Materials/NavyDarkSmooth.mat using Guid(338dbf9d35df70d428453cc78f8eaa18) Importer(2089858483,b0f066a214c2f5e87bad3c948f4d605d) (ScriptedImporter) -> (artifact id: '172ca1db0dc11e07e742929ac7134782') in 0.0354913 seconds
Number of updated asset objects reloaded before import = 0Number of asset objects unloaded after import = 2

========================================================================
Received Import Request.
  Time since last request: 0.000058 seconds.
  path: Assets/Invector-3rdPersonController/Basic Locomotion/HUD/guide-texts/Materials/60.mat
  artifactKey: Guid(d9d20ea683682844287d1d50dfbf2572) Importer(2089858483,b0f066a214c2f5e87bad3c948f4d605d)
Start importing Assets/Invector-3rdPersonController/Basic Locomotion/HUD/guide-texts/Materials/60.mat using Guid(d9d20ea683682844287d1d50dfbf2572) Importer(2089858483,b0f066a214c2f5e87bad3c948f4d605d) (ScriptedImporter) -> (artifact id: '93cfaf47149f251441530b0bc5dd172c') in 0.0293627 seconds
Number of updated asset objects reloaded before import = 0Number of asset objects unloaded after import = 2

========================================================================
Received Import Request.
  Time since last request: 0.000081 seconds.
  path: Assets/Standard Assets/Environment/SpeedTree/Broadleaf/Broadleaf_Mobile Materials/LOD0/Leaves_1.mat
  artifactKey: Guid(6c3b3265bf0f7e547a1ada8555f850a5) Importer(2089858483,b0f066a214c2f5e87bad3c948f4d605d)
Start importing Assets/Standard Assets/Environment/SpeedTree/Broadleaf/Broadleaf_Mobile Materials/LOD0/Leaves_1.mat using Guid(6c3b3265bf0f7e547a1ada8555f850a5) Importer(2089858483,b0f066a214c2f5e87bad3c948f4d605d) (ScriptedImporter) -> (artifact id: '075a5d6de4e78353bc4b753e85a8aa74') in 0.0288445 seconds
Number of updated asset objects reloaded before import = 0Number of asset objects unloaded after import = 3

========================================================================
Received Import Request.
  Time since last request: 0.000062 seconds.
  path: Assets/Invector-3rdPersonController/Basic Locomotion/3D Models/Textures/prototype_textures/Materials/carbon.mat
  artifactKey: Guid(50ac9aaf650337544b871e557fa095ca) Importer(2089858483,b0f066a214c2f5e87bad3c948f4d605d)
Start importing Assets/Invector-3rdPersonController/Basic Locomotion/3D Models/Textures/prototype_textures/Materials/carbon.mat using Guid(50ac9aaf650337544b871e557fa095ca) Importer(2089858483,b0f066a214c2f5e87bad3c948f4d605d) (ScriptedImporter) -> (artifact id: 'f24d4555018e203ff8a7c8a000049e49') in 0.0240165 seconds
Number of updated asset objects reloaded before import = 0Number of asset objects unloaded after import = 2

========================================================================
Received Import Request.
  Time since last request: 0.000022 seconds.
  path: Assets/Standard Assets/Vehicles/Aircraft/Materials/AircraftFuselageWhite.mat
  artifactKey: Guid(6f36a222811073946936cf1cdeb78f9c) Importer(2089858483,b0f066a214c2f5e87bad3c948f4d605d)
Start importing Assets/Standard Assets/Vehicles/Aircraft/Materials/AircraftFuselageWhite.mat using Guid(6f36a222811073946936cf1cdeb78f9c) Importer(2089858483,b0f066a214c2f5e87bad3c948f4d605d) (ScriptedImporter) -> (artifact id: '066fd07800a42757457471df550adb96') in 0.0715658 seconds
Number of updated asset objects reloaded before import = 0Number of asset objects unloaded after import = 3

========================================================================
Received Import Request.
  Time since last request: 0.000028 seconds.
  path: Assets/Invector-3rdPersonController/Basic Locomotion/3D Models/Textures/prototype_textures/Materials/statue_blue.mat
  artifactKey: Guid(9feb0a6f97a564444a0fb8d6f2292025) Importer(2089858483,b0f066a214c2f5e87bad3c948f4d605d)
Start importing Assets/Invector-3rdPersonController/Basic Locomotion/3D Models/Textures/prototype_textures/Materials/statue_blue.mat using Guid(9feb0a6f97a564444a0fb8d6f2292025) Importer(2089858483,b0f066a214c2f5e87bad3c948f4d605d) (ScriptedImporter) -> (artifact id: '7fa6d831c17095928e171c1c58fd6a02') in 0.0393982 seconds
Number of updated asset objects reloaded before import = 0Number of asset objects unloaded after import = 3

========================================================================
Received Import Request.
  Time since last request: 0.000081 seconds.
  path: Assets/Invector-3rdPersonController/Shooter/TargetTrainingMiniGame/Materials/Rail2.mat
  artifactKey: Guid(50660c1f0c7bc0748b6a559b71870303) Importer(2089858483,b0f066a214c2f5e87bad3c948f4d605d)
Start importing Assets/Invector-3rdPersonController/Shooter/TargetTrainingMiniGame/Materials/Rail2.mat using Guid(50660c1f0c7bc0748b6a559b71870303) Importer(2089858483,b0f066a214c2f5e87bad3c948f4d605d) (ScriptedImporter) -> (artifact id: '93701ada93ec2eafd886375da3114d88') in 0.037601 seconds
Number of updated asset objects reloaded before import = 0Number of asset objects unloaded after import = 4

========================================================================
Received Import Request.
  Time since last request: 0.000024 seconds.
  path: Assets/Invector-3rdPersonController/Shooter/Scripts/ArcherySystem/Models/Bow/Materials/vArrow_Difuse.mat
  artifactKey: Guid(850ca38c0bc85e04f8a7bd491c3724fc) Importer(2089858483,b0f066a214c2f5e87bad3c948f4d605d)
Start importing Assets/Invector-3rdPersonController/Shooter/Scripts/ArcherySystem/Models/Bow/Materials/vArrow_Difuse.mat using Guid(850ca38c0bc85e04f8a7bd491c3724fc) Importer(2089858483,b0f066a214c2f5e87bad3c948f4d605d) (ScriptedImporter) -> (artifact id: '64264bb0278e1653559ff1b0902f23af') in 0.0299418 seconds
Number of updated asset objects reloaded before import = 0Number of asset objects unloaded after import = 3

========================================================================
Received Import Request.
  Time since last request: 0.000040 seconds.
  path: Assets/Invector-3rdPersonController/Basic Locomotion/Resources/Light orange.mat
  artifactKey: Guid(8e00ceae8e2fee74987cd38b45dfeaca) Importer(2089858483,b0f066a214c2f5e87bad3c948f4d605d)
Start importing Assets/Invector-3rdPersonController/Basic Locomotion/Resources/Light orange.mat using Guid(8e00ceae8e2fee74987cd38b45dfeaca) Importer(2089858483,b0f066a214c2f5e87bad3c948f4d605d) (ScriptedImporter) -> (artifact id: '745a4f9ec61742a3ed718aedea744255') in 0.0269602 seconds
Number of updated asset objects reloaded before import = 0Number of asset objects unloaded after import = 1

========================================================================
Received Import Request.
  Time since last request: 0.000048 seconds.
  path: Assets/Invector-3rdPersonController/Shooter/3DModels/Props/vBarrel/3DModel/Materials/vBarrel_DifuseA.mat
  artifactKey: Guid(4cbd6b4e1a5cc154dae8bd30d3fd7dde) Importer(2089858483,b0f066a214c2f5e87bad3c948f4d605d)
Start importing Assets/Invector-3rdPersonController/Shooter/3DModels/Props/vBarrel/3DModel/Materials/vBarrel_DifuseA.mat using Guid(4cbd6b4e1a5cc154dae8bd30d3fd7dde) Importer(2089858483,b0f066a214c2f5e87bad3c948f4d605d) (ScriptedImporter) -> (artifact id: '0420096d0897acd0855e0ec9fdbe01be') in 0.0335827 seconds
Number of updated asset objects reloaded before import = 0Number of asset objects unloaded after import = 4

========================================================================
Received Import Request.
  Time since last request: 0.000037 seconds.
  path: Assets/Invector-3rdPersonController/Basic Locomotion/3D Models/Others/Materials/invector-icon-light-gray.mat
  artifactKey: Guid(9ab2092d552a18c4e8d69676b61e9ed6) Importer(2089858483,b0f066a214c2f5e87bad3c948f4d605d)
Start importing Assets/Invector-3rdPersonController/Basic Locomotion/3D Models/Others/Materials/invector-icon-light-gray.mat using Guid(9ab2092d552a18c4e8d69676b61e9ed6) Importer(2089858483,b0f066a214c2f5e87bad3c948f4d605d) (ScriptedImporter) -> (artifact id: '378cae60f8daba7491826fdc652a3604') in 0.0283272 seconds
Number of updated asset objects reloaded before import = 0Number of asset objects unloaded after import = 1

========================================================================
Received Import Request.
  Time since last request: 0.000061 seconds.
  path: Assets/Standard Assets/Environment/SpeedTree/Conifer/Conifer_Desktop Materials/LOD0/Leaves_3.mat
  artifactKey: Guid(2bcb00d145ec17e4cad096cedfd84138) Importer(2089858483,b0f066a214c2f5e87bad3c948f4d605d)
Start importing Assets/Standard Assets/Environment/SpeedTree/Conifer/Conifer_Desktop Materials/LOD0/Leaves_3.mat using Guid(2bcb00d145ec17e4cad096cedfd84138) Importer(2089858483,b0f066a214c2f5e87bad3c948f4d605d) (ScriptedImporter) -> (artifact id: 'c0355210bba936219a72fb6313a5687c') in 0.0275803 seconds
Number of updated asset objects reloaded before import = 0Number of asset objects unloaded after import = 3

========================================================================
Received Import Request.
  Time since last request: 0.000050 seconds.
  path: Assets/Standard Assets/Environment/SpeedTree/Broadleaf/Broadleaf_Desktop Materials/LOD1/Branches_1.mat
  artifactKey: Guid(97ad51f0a4aed0a4289f5462ce6dc18f) Importer(2089858483,b0f066a214c2f5e87bad3c948f4d605d)
Start importing Assets/Standard Assets/Environment/SpeedTree/Broadleaf/Broadleaf_Desktop Materials/LOD1/Branches_1.mat using Guid(97ad51f0a4aed0a4289f5462ce6dc18f) Importer(2089858483,b0f066a214c2f5e87bad3c948f4d605d) (ScriptedImporter) -> (artifact id: '6d91c8b016580afc5a299470dc177492') in 0.0375044 seconds
Number of updated asset objects reloaded before import = 0Number of asset objects unloaded after import = 3

========================================================================
Received Import Request.
  Time since last request: 0.000024 seconds.
  path: Assets/Invector-3rdPersonController/Basic Locomotion/3D Models/vOctagon/Materials/fence.mat
  artifactKey: Guid(c36da73aa9c67db4c8e0f919c27ecf1d) Importer(2089858483,b0f066a214c2f5e87bad3c948f4d605d)
Start importing Assets/Invector-3rdPersonController/Basic Locomotion/3D Models/vOctagon/Materials/fence.mat using Guid(c36da73aa9c67db4c8e0f919c27ecf1d) Importer(2089858483,b0f066a214c2f5e87bad3c948f4d605d) (ScriptedImporter) -> (artifact id: 'd5b6cf2f2b353922bec576e5da05dd95') in 0.0430124 seconds
Number of updated asset objects reloaded before import = 0Number of asset objects unloaded after import = 3

========================================================================
Received Import Request.
  Time since last request: 0.000056 seconds.
  path: Assets/Invector-3rdPersonController/Basic Locomotion/3D Models/vOctagon/Materials/corner.mat
  artifactKey: Guid(f13bf5ff2d8ae294b9be80311a6ba72b) Importer(2089858483,b0f066a214c2f5e87bad3c948f4d605d)
Start importing Assets/Invector-3rdPersonController/Basic Locomotion/3D Models/vOctagon/Materials/corner.mat using Guid(f13bf5ff2d8ae294b9be80311a6ba72b) Importer(2089858483,b0f066a214c2f5e87bad3c948f4d605d) (ScriptedImporter) -> (artifact id: '8313a43a701e255cec95d769b40c8cd1') in 0.0398562 seconds
Number of updated asset objects reloaded before import = 0Number of asset objects unloaded after import = 3

========================================================================
Received Import Request.
  Time since last request: 0.000058 seconds.
  path: Assets/Invector-3rdPersonController/Shooter/Scripts/ArcherySystem/Animations/Materials/metal.mat
  artifactKey: Guid(cec23be7d90a4cf4b86be23b94ce1118) Importer(2089858483,b0f066a214c2f5e87bad3c948f4d605d)
Start importing Assets/Invector-3rdPersonController/Shooter/Scripts/ArcherySystem/Animations/Materials/metal.mat using Guid(cec23be7d90a4cf4b86be23b94ce1118) Importer(2089858483,b0f066a214c2f5e87bad3c948f4d605d) (ScriptedImporter) -> (artifact id: '86a5f504980ec87d7edf95f49fad4ab0') in 0.020726 seconds
Number of updated asset objects reloaded before import = 0Number of asset objects unloaded after import = 1

========================================================================
Received Import Request.
  Time since last request: 0.000022 seconds.
  path: Assets/Standard Assets/Vehicles/Aircraft/Materials/AircraftWingsJetWhite.mat
  artifactKey: Guid(365a29a7757a91544b92d59a78390495) Importer(2089858483,b0f066a214c2f5e87bad3c948f4d605d)
Start importing Assets/Standard Assets/Vehicles/Aircraft/Materials/AircraftWingsJetWhite.mat using Guid(365a29a7757a91544b92d59a78390495) Importer(2089858483,b0f066a214c2f5e87bad3c948f4d605d) (ScriptedImporter) -> (artifact id: 'e25cede11713661b66f8c50a5f8957f5') in 0.0797942 seconds
Number of updated asset objects reloaded before import = 0Number of asset objects unloaded after import = 3

========================================================================
Received Import Request.
  Time since last request: 0.000032 seconds.
  path: Assets/Invector-3rdPersonController/Basic Locomotion/3D Models/Characters/Invector@V-Bot/Materials/V-bot-blue.mat
  artifactKey: Guid(33fbcc57381f52445b5f4159c9847fbc) Importer(2089858483,b0f066a214c2f5e87bad3c948f4d605d)
Start importing Assets/Invector-3rdPersonController/Basic Locomotion/3D Models/Characters/Invector@V-Bot/Materials/V-bot-blue.mat using Guid(33fbcc57381f52445b5f4159c9847fbc) Importer(2089858483,b0f066a214c2f5e87bad3c948f4d605d) (ScriptedImporter) -> (artifact id: 'd97a318b0df0638a6b029c77a515a488') in 0.0350816 seconds
Number of updated asset objects reloaded before import = 0Number of asset objects unloaded after import = 3

========================================================================
Received Import Request.
  Time since last request: 0.000117 seconds.
  path: Assets/Invector-3rdPersonController/Shooter/3DModels/Textures/VbotBlackShooterEdition/BlackShooterEdition/V.mat
  artifactKey: Guid(fd5e79ef2b60ebc46848a30476c996d5) Importer(2089858483,b0f066a214c2f5e87bad3c948f4d605d)
Start importing Assets/Invector-3rdPersonController/Shooter/3DModels/Textures/VbotBlackShooterEdition/BlackShooterEdition/V.mat using Guid(fd5e79ef2b60ebc46848a30476c996d5) Importer(2089858483,b0f066a214c2f5e87bad3c948f4d605d) (ScriptedImporter) -> (artifact id: 'd953535983626ab6d73aeac2b5775333') in 0.0414907 seconds
Number of updated asset objects reloaded before import = 0Number of asset objects unloaded after import = 3

========================================================================
Received Import Request.
  Time since last request: 0.000041 seconds.
  path: Assets/Invector-3rdPersonController/Basic Locomotion/3D Models/Textures/prototype_textures/Materials/door_blue.mat
  artifactKey: Guid(d4d77923774cd9e468e6a23187133f18) Importer(2089858483,b0f066a214c2f5e87bad3c948f4d605d)
Start importing Assets/Invector-3rdPersonController/Basic Locomotion/3D Models/Textures/prototype_textures/Materials/door_blue.mat using Guid(d4d77923774cd9e468e6a23187133f18) Importer(2089858483,b0f066a214c2f5e87bad3c948f4d605d) (ScriptedImporter) -> (artifact id: '029ad8018fd8a598689b4a7a6a36a018') in 0.0330199 seconds
Number of updated asset objects reloaded before import = 0Number of asset objects unloaded after import = 3

========================================================================
Received Import Request.
  Time since last request: 0.000052 seconds.
  path: Assets/Invector-3rdPersonController/ItemManager/3D Models/Materials/potionStamina.001.mat
  artifactKey: Guid(463557700de24204f975e2f5cbaf3d9e) Importer(2089858483,b0f066a214c2f5e87bad3c948f4d605d)
Start importing Assets/Invector-3rdPersonController/ItemManager/3D Models/Materials/potionStamina.001.mat using Guid(463557700de24204f975e2f5cbaf3d9e) Importer(2089858483,b0f066a214c2f5e87bad3c948f4d605d) (ScriptedImporter) -> (artifact id: '4b60c6832fa253ec14c218daa12c2c4b') in 0.0320314 seconds
Number of updated asset objects reloaded before import = 0Number of asset objects unloaded after import = 1

========================================================================
Received Import Request.
  Time since last request: 0.000073 seconds.
  path: Assets/Invector-3rdPersonController/Basic Locomotion/Resources/Invector_vStatue.mat
  artifactKey: Guid(a114e0c267353ff4d83c452b2db96b1f) Importer(2089858483,b0f066a214c2f5e87bad3c948f4d605d)
Start importing Assets/Invector-3rdPersonController/Basic Locomotion/Resources/Invector_vStatue.mat using Guid(a114e0c267353ff4d83c452b2db96b1f) Importer(2089858483,b0f066a214c2f5e87bad3c948f4d605d) (ScriptedImporter) -> (artifact id: 'c392c8ed59e2ab36c67e424dfaf434ed') in 0.0328401 seconds
Number of updated asset objects reloaded before import = 0Number of asset objects unloaded after import = 3

========================================================================
Received Import Request.
  Time since last request: 0.000042 seconds.
  path: Assets/Standard Assets/Environment/SpeedTree/Broadleaf/Broadleaf_Desktop Materials/LOD0/Fronds_2.mat
  artifactKey: Guid(e6a8e6ae86a5b904eb64f573f145ecde) Importer(2089858483,b0f066a214c2f5e87bad3c948f4d605d)
Start importing Assets/Standard Assets/Environment/SpeedTree/Broadleaf/Broadleaf_Desktop Materials/LOD0/Fronds_2.mat using Guid(e6a8e6ae86a5b904eb64f573f145ecde) Importer(2089858483,b0f066a214c2f5e87bad3c948f4d605d) (ScriptedImporter) -> (artifact id: 'e7495697d499be729f213fed5be9ac4d') in 0.0487854 seconds
Number of updated asset objects reloaded before import = 0Number of asset objects unloaded after import = 3

========================================================================
Received Import Request.
  Time since last request: 0.000079 seconds.
  path: Assets/SampleScenes/Materials/NavySmooth.mat
  artifactKey: Guid(bccdb449802ea144b8709da9bac60356) Importer(2089858483,b0f066a214c2f5e87bad3c948f4d605d)
Start importing Assets/SampleScenes/Materials/NavySmooth.mat using Guid(bccdb449802ea144b8709da9bac60356) Importer(2089858483,b0f066a214c2f5e87bad3c948f4d605d) (ScriptedImporter) -> (artifact id: 'a30787392ffed67e38eb05ee2a4ad226') in 0.0298084 seconds
Number of updated asset objects reloaded before import = 0Number of asset objects unloaded after import = 2

========================================================================
Received Import Request.
  Time since last request: 0.000094 seconds.
  path: Assets/Standard Assets/Environment/SpeedTree/Conifer/Conifer_Desktop Materials/LOD0/Branches_1.mat
  artifactKey: Guid(fdb77c3917027234db7a7792019eda2e) Importer(2089858483,b0f066a214c2f5e87bad3c948f4d605d)
Start importing Assets/Standard Assets/Environment/SpeedTree/Conifer/Conifer_Desktop Materials/LOD0/Branches_1.mat using Guid(fdb77c3917027234db7a7792019eda2e) Importer(2089858483,b0f066a214c2f5e87bad3c948f4d605d) (ScriptedImporter) -> (artifact id: '5d242095ea25b0b60f3772ee05b061b6') in 0.0390973 seconds
Number of updated asset objects reloaded before import = 0Number of asset objects unloaded after import = 3

========================================================================
Received Import Request.
  Time since last request: 0.000027 seconds.
  path: Assets/Invector-3rdPersonController/Basic Locomotion/3D Models/Textures/prototype_textures/Materials/door_green.mat
  artifactKey: Guid(5999b5843e39db342b3ebc07a2d0f3e6) Importer(2089858483,b0f066a214c2f5e87bad3c948f4d605d)
Start importing Assets/Invector-3rdPersonController/Basic Locomotion/3D Models/Textures/prototype_textures/Materials/door_green.mat using Guid(5999b5843e39db342b3ebc07a2d0f3e6) Importer(2089858483,b0f066a214c2f5e87bad3c948f4d605d) (ScriptedImporter) -> (artifact id: '9babb57e87553f75328403f7d7109a23') in 0.0321792 seconds
Number of updated asset objects reloaded before import = 0Number of asset objects unloaded after import = 3

========================================================================
Received Import Request.
  Time since last request: 0.000034 seconds.
  path: Assets/Invector-3rdPersonController/Basic Locomotion/3D Models/Others/HealthItem/Materials/sphereHealthTexture.mat
  artifactKey: Guid(2ea2be3c573d8a647ac0525c063639ce) Importer(2089858483,b0f066a214c2f5e87bad3c948f4d605d)
Start importing Assets/Invector-3rdPersonController/Basic Locomotion/3D Models/Others/HealthItem/Materials/sphereHealthTexture.mat using Guid(2ea2be3c573d8a647ac0525c063639ce) Importer(2089858483,b0f066a214c2f5e87bad3c948f4d605d) (ScriptedImporter) -> (artifact id: '0c2e62f90b44cd8099bfda49ae0b23d0') in 0.0347908 seconds
Number of updated asset objects reloaded before import = 0Number of asset objects unloaded after import = 3

========================================================================
Received Import Request.
  Time since last request: 0.000039 seconds.
  path: Assets/Invector-3rdPersonController/Shooter/Resources/Shared/Environment/Materials/Light.mat
  artifactKey: Guid(47fbc90daa91ab541984ebd9f72db2d4) Importer(2089858483,b0f066a214c2f5e87bad3c948f4d605d)
Start importing Assets/Invector-3rdPersonController/Shooter/Resources/Shared/Environment/Materials/Light.mat using Guid(47fbc90daa91ab541984ebd9f72db2d4) Importer(2089858483,b0f066a214c2f5e87bad3c948f4d605d) (ScriptedImporter) -> (artifact id: '755a5fe6a223e9f2318783826ab47dae') in 0.0289705 seconds
Number of updated asset objects reloaded before import = 0Number of asset objects unloaded after import = 1

========================================================================
Received Import Request.
  Time since last request: 0.000041 seconds.
  path: Assets/Invector-3rdPersonController/Shooter/TargetTrainingMiniGame/Materials/No Name.mat
  artifactKey: Guid(46225f750afc7f3499e2032bd1017e9f) Importer(2089858483,b0f066a214c2f5e87bad3c948f4d605d)
Start importing Assets/Invector-3rdPersonController/Shooter/TargetTrainingMiniGame/Materials/No Name.mat using Guid(46225f750afc7f3499e2032bd1017e9f) Importer(2089858483,b0f066a214c2f5e87bad3c948f4d605d) (ScriptedImporter) -> (artifact id: '43c62164793a1f723cf57bf2904a5303') in 0.036258 seconds
Number of updated asset objects reloaded before import = 0Number of asset objects unloaded after import = 1

========================================================================
Received Import Request.
  Time since last request: 0.000188 seconds.
  path: Assets/Invector-3rdPersonController/Basic Locomotion/3D Models/Others/Switch/Materials/switch.mat
  artifactKey: Guid(6798389abf569f3449011852b5362518) Importer(2089858483,b0f066a214c2f5e87bad3c948f4d605d)
Start importing Assets/Invector-3rdPersonController/Basic Locomotion/3D Models/Others/Switch/Materials/switch.mat using Guid(6798389abf569f3449011852b5362518) Importer(2089858483,b0f066a214c2f5e87bad3c948f4d605d) (ScriptedImporter) -> (artifact id: 'd72aab8944efdf117fac934c80af086a') in 0.0712495 seconds
Number of updated asset objects reloaded before import = 0Number of asset objects unloaded after import = 6

========================================================================
Received Import Request.
  Time since last request: 0.000053 seconds.
  path: Assets/Invector-3rdPersonController/Basic Locomotion/HUD/guide-texts/Materials/stepup.mat
  artifactKey: Guid(5619fe383228c014384d72774680cef9) Importer(2089858483,b0f066a214c2f5e87bad3c948f4d605d)
Start importing Assets/Invector-3rdPersonController/Basic Locomotion/HUD/guide-texts/Materials/stepup.mat using Guid(5619fe383228c014384d72774680cef9) Importer(2089858483,b0f066a214c2f5e87bad3c948f4d605d) (ScriptedImporter) -> (artifact id: '8bb837b126ddc629520ef936ae8d70f6') in 0.034587 seconds
Number of updated asset objects reloaded before import = 0Number of asset objects unloaded after import = 2

========================================================================
Received Import Request.
  Time since last request: 0.000040 seconds.
  path: Assets/Invector-3rdPersonController/Melee Combat/3DModels/vMeleeWeapons/vKatana/Materials/vKatana_02.mat
  artifactKey: Guid(f672ea7954cdd2143b5b874699e82655) Importer(2089858483,b0f066a214c2f5e87bad3c948f4d605d)
Start importing Assets/Invector-3rdPersonController/Melee Combat/3DModels/vMeleeWeapons/vKatana/Materials/vKatana_02.mat using Guid(f672ea7954cdd2143b5b874699e82655) Importer(2089858483,b0f066a214c2f5e87bad3c948f4d605d) (ScriptedImporter) -> (artifact id: 'd055900528055dd2deeb8aa4b8f02160') in 0.053231 seconds
Number of updated asset objects reloaded before import = 0Number of asset objects unloaded after import = 3

========================================================================
Received Import Request.
  Time since last request: 0.000120 seconds.
  path: Assets/Standard Assets/Vehicles/Aircraft/Materials/AircraftWingsPropellerBlurGrey.mat
  artifactKey: Guid(d5b08f0e43171dd468f4fed8bb5d0cea) Importer(2089858483,b0f066a214c2f5e87bad3c948f4d605d)
Start importing Assets/Standard Assets/Vehicles/Aircraft/Materials/AircraftWingsPropellerBlurGrey.mat using Guid(d5b08f0e43171dd468f4fed8bb5d0cea) Importer(2089858483,b0f066a214c2f5e87bad3c948f4d605d) (ScriptedImporter) -> (artifact id: '34fe4d9138ade57dd8ba6bde693b453b') in 0.0286603 seconds
Number of updated asset objects reloaded before import = 0Number of asset objects unloaded after import = 3

========================================================================
Received Import Request.
  Time since last request: 0.000031 seconds.
  path: Assets/Invector-3rdPersonController/Basic Locomotion/3D Models/Textures/prototype_textures/Materials/statue_red.mat
  artifactKey: Guid(923e24c0f0600104486a519e4eb4faef) Importer(2089858483,b0f066a214c2f5e87bad3c948f4d605d)
Start importing Assets/Invector-3rdPersonController/Basic Locomotion/3D Models/Textures/prototype_textures/Materials/statue_red.mat using Guid(923e24c0f0600104486a519e4eb4faef) Importer(2089858483,b0f066a214c2f5e87bad3c948f4d605d) (ScriptedImporter) -> (artifact id: 'f2a41fa8503716ba5d3c9d3654ed2726') in 0.0328549 seconds
Number of updated asset objects reloaded before import = 0Number of asset objects unloaded after import = 3

========================================================================
Received Import Request.
  Time since last request: 0.000089 seconds.
  path: Assets/Standard Assets/Environment/SpeedTree/Palm/Palm_Desktop Materials/LOD0/Branches_1.mat
  artifactKey: Guid(fa40ba727cdc90245aac11f0ff5ead8e) Importer(2089858483,b0f066a214c2f5e87bad3c948f4d605d)
Start importing Assets/Standard Assets/Environment/SpeedTree/Palm/Palm_Desktop Materials/LOD0/Branches_1.mat using Guid(fa40ba727cdc90245aac11f0ff5ead8e) Importer(2089858483,b0f066a214c2f5e87bad3c948f4d605d) (ScriptedImporter) -> (artifact id: '785cf9c1ce5ec28c0590f210a97c8f1d') in 0.0367454 seconds
Number of updated asset objects reloaded before import = 0Number of asset objects unloaded after import = 3

========================================================================
Received Import Request.
  Time since last request: 0.000038 seconds.
  path: Assets/Invector-3rdPersonController/Basic Locomotion/3D Models/Others/HealthItem/Materials/health-01.mat
  artifactKey: Guid(f31f0391f259cfb41a4980938a35740b) Importer(2089858483,b0f066a214c2f5e87bad3c948f4d605d)
Start importing Assets/Invector-3rdPersonController/Basic Locomotion/3D Models/Others/HealthItem/Materials/health-01.mat using Guid(f31f0391f259cfb41a4980938a35740b) Importer(2089858483,b0f066a214c2f5e87bad3c948f4d605d) (ScriptedImporter) -> (artifact id: '0895daf200fca268cc685a2b5a5657e3') in 0.0305481 seconds
Number of updated asset objects reloaded before import = 0Number of asset objects unloaded after import = 2

========================================================================
Received Import Request.
  Time since last request: 0.000068 seconds.
  path: Assets/Invector-3rdPersonController/ItemManager/3D Models/Materials/healthUp.000.mat
  artifactKey: Guid(2858eb05d16b9e84ca67d6ac12251a0d) Importer(2089858483,b0f066a214c2f5e87bad3c948f4d605d)
Start importing Assets/Invector-3rdPersonController/ItemManager/3D Models/Materials/healthUp.000.mat using Guid(2858eb05d16b9e84ca67d6ac12251a0d) Importer(2089858483,b0f066a214c2f5e87bad3c948f4d605d) (ScriptedImporter) -> (artifact id: '754deaba96965f8641a7950bcdd3d275') in 0.0410011 seconds
Number of updated asset objects reloaded before import = 0Number of asset objects unloaded after import = 1

========================================================================
Received Import Request.
  Time since last request: 0.000040 seconds.
  path: Assets/Invector-3rdPersonController/Melee Combat/3DModels/vMeleeWeapons/vSword/Materials/Sword_V_mobile.mat
  artifactKey: Guid(9a408fa73e5a4d943b03a7a2ad562565) Importer(2089858483,b0f066a214c2f5e87bad3c948f4d605d)
Start importing Assets/Invector-3rdPersonController/Melee Combat/3DModels/vMeleeWeapons/vSword/Materials/Sword_V_mobile.mat using Guid(9a408fa73e5a4d943b03a7a2ad562565) Importer(2089858483,b0f066a214c2f5e87bad3c948f4d605d) (ScriptedImporter) -> (artifact id: 'c7a04dda0f3bcc0bdc1104c5437d90e1') in 0.0637565 seconds
Number of updated asset objects reloaded before import = 0Number of asset objects unloaded after import = 4

========================================================================
Received Import Request.
  Time since last request: 0.000029 seconds.
  path: Assets/Invector-3rdPersonController/Shooter/3DModels/Textures/VbotBlackShooterEdition/BlackShooterEdition/Rubber.mat
  artifactKey: Guid(08f92fb4bee6e6740aeed128f64eec90) Importer(2089858483,b0f066a214c2f5e87bad3c948f4d605d)
Start importing Assets/Invector-3rdPersonController/Shooter/3DModels/Textures/VbotBlackShooterEdition/BlackShooterEdition/Rubber.mat using Guid(08f92fb4bee6e6740aeed128f64eec90) Importer(2089858483,b0f066a214c2f5e87bad3c948f4d605d) (ScriptedImporter) -> (artifact id: 'cdb450759184ab0bb1c03072bbbef41b') in 0.0450551 seconds
Number of updated asset objects reloaded before import = 0Number of asset objects unloaded after import = 2

========================================================================
Received Import Request.
  Time since last request: 0.000077 seconds.
  path: Assets/Invector-3rdPersonController/Shooter/Resources/Shared/Environment/Materials/MetalRailing.mat
  artifactKey: Guid(50d6c6916e743b64c8b4e4282f2c9603) Importer(2089858483,b0f066a214c2f5e87bad3c948f4d605d)
Start importing Assets/Invector-3rdPersonController/Shooter/Resources/Shared/Environment/Materials/MetalRailing.mat using Guid(50d6c6916e743b64c8b4e4282f2c9603) Importer(2089858483,b0f066a214c2f5e87bad3c948f4d605d) (ScriptedImporter) -> (artifact id: '8e14d3e6a9faafc8eeff0065b7a46a6c') in 0.0372871 seconds
Number of updated asset objects reloaded before import = 0Number of asset objects unloaded after import = 1

========================================================================
Received Import Request.
  Time since last request: 0.000279 seconds.
  path: Assets/Standard Assets/Environment/SpeedTree/Palm/Palm_Desktop Materials/LOD0/Leaves_3.mat
  artifactKey: Guid(a6b21b8c372827345a11bae2fb736e36) Importer(2089858483,b0f066a214c2f5e87bad3c948f4d605d)
Start importing Assets/Standard Assets/Environment/SpeedTree/Palm/Palm_Desktop Materials/LOD0/Leaves_3.mat using Guid(a6b21b8c372827345a11bae2fb736e36) Importer(2089858483,b0f066a214c2f5e87bad3c948f4d605d) (ScriptedImporter) -> (artifact id: '078732a82097b69db974ee3935e33c27') in 0.0321052 seconds
Number of updated asset objects reloaded before import = 0Number of asset objects unloaded after import = 3

========================================================================
Received Import Request.
  Time since last request: 0.000048 seconds.
  path: Assets/Invector-3rdPersonController/Shooter/3DModels/Props/vBarrel/3DModel/Materials/vBarrel_Difuse1.mat
  artifactKey: Guid(da5a8467168dc7845a0c36d0ff6a05bb) Importer(2089858483,b0f066a214c2f5e87bad3c948f4d605d)
Start importing Assets/Invector-3rdPersonController/Shooter/3DModels/Props/vBarrel/3DModel/Materials/vBarrel_Difuse1.mat using Guid(da5a8467168dc7845a0c36d0ff6a05bb) Importer(2089858483,b0f066a214c2f5e87bad3c948f4d605d) (ScriptedImporter) -> (artifact id: 'c6189bbacbc05ae3ad1d99581fb52b94') in 0.0395155 seconds
Number of updated asset objects reloaded before import = 0Number of asset objects unloaded after import = 3

========================================================================
Received Import Request.
  Time since last request: 0.000064 seconds.
  path: Assets/Invector-3rdPersonController/Basic Locomotion/3D Models/Characters/Invector@V-Bot/Materials/V-bot-white.mat
  artifactKey: Guid(1795eb7cc68729e4f972ec1d79e7e996) Importer(2089858483,b0f066a214c2f5e87bad3c948f4d605d)
Start importing Assets/Invector-3rdPersonController/Basic Locomotion/3D Models/Characters/Invector@V-Bot/Materials/V-bot-white.mat using Guid(1795eb7cc68729e4f972ec1d79e7e996) Importer(2089858483,b0f066a214c2f5e87bad3c948f4d605d) (ScriptedImporter) -> (artifact id: '29eaeb3059027c95853c70754e9146d5') in 0.0430285 seconds
Number of updated asset objects reloaded before import = 0Number of asset objects unloaded after import = 4

========================================================================
Received Import Request.
  Time since last request: 0.000025 seconds.
  path: Assets/Invector-3rdPersonController/ItemManager/3D Models/Materials/Material.001.mat
  artifactKey: Guid(55a01753891421e45b5964c2ebc505d5) Importer(2089858483,b0f066a214c2f5e87bad3c948f4d605d)
Start importing Assets/Invector-3rdPersonController/ItemManager/3D Models/Materials/Material.001.mat using Guid(55a01753891421e45b5964c2ebc505d5) Importer(2089858483,b0f066a214c2f5e87bad3c948f4d605d) (ScriptedImporter) -> (artifact id: '3b93fae67e97da80bece8f2b802c3fc3') in 0.0414809 seconds
Number of updated asset objects reloaded before import = 0Number of asset objects unloaded after import = 1

========================================================================
Received Import Request.
  Time since last request: 0.000145 seconds.
  path: Assets/Invector-3rdPersonController/ItemManager/3D Models/Materials/potionStamina.003.mat
  artifactKey: Guid(fcd49da1846aa334fb26346d8891081e) Importer(2089858483,b0f066a214c2f5e87bad3c948f4d605d)
Start importing Assets/Invector-3rdPersonController/ItemManager/3D Models/Materials/potionStamina.003.mat using Guid(fcd49da1846aa334fb26346d8891081e) Importer(2089858483,b0f066a214c2f5e87bad3c948f4d605d) (ScriptedImporter) -> (artifact id: 'f670bb9bfed7c4887e34112dbe57518b') in 0.031041 seconds
Number of updated asset objects reloaded before import = 0Number of asset objects unloaded after import = 1

========================================================================
Received Import Request.
  Time since last request: 0.000030 seconds.
  path: Assets/Invector-3rdPersonController/ItemManager/3D Models/Materials/potionStamina.002.mat
  artifactKey: Guid(5d35539fd6bad1b4c963b07f0903a6b3) Importer(2089858483,b0f066a214c2f5e87bad3c948f4d605d)
Start importing Assets/Invector-3rdPersonController/ItemManager/3D Models/Materials/potionStamina.002.mat using Guid(5d35539fd6bad1b4c963b07f0903a6b3) Importer(2089858483,b0f066a214c2f5e87bad3c948f4d605d) (ScriptedImporter) -> (artifact id: 'a662e9056aeac488b543e6cef14e3dae') in 0.0492515 seconds
Number of updated asset objects reloaded before import = 0Number of asset objects unloaded after import = 1

========================================================================
Received Import Request.
  Time since last request: 0.000057 seconds.
  path: Assets/Invector-3rdPersonController/Basic Locomotion/3D Models/Textures/prototype_textures/Materials/vpoison-old.mat
  artifactKey: Guid(d172aca82f7dd4a4f94d8ab0f12ce82b) Importer(2089858483,b0f066a214c2f5e87bad3c948f4d605d)
Start importing Assets/Invector-3rdPersonController/Basic Locomotion/3D Models/Textures/prototype_textures/Materials/vpoison-old.mat using Guid(d172aca82f7dd4a4f94d8ab0f12ce82b) Importer(2089858483,b0f066a214c2f5e87bad3c948f4d605d) (ScriptedImporter) -> (artifact id: '1a003fa6f25d886997fa23da5777a011') in 0.0270202 seconds
Number of updated asset objects reloaded before import = 0Number of asset objects unloaded after import = 2

========================================================================
Received Import Request.
  Time since last request: 0.000057 seconds.
  path: Assets/Invector-3rdPersonController/Shooter/TargetTrainingMiniGame/Materials/Wall.mat
  artifactKey: Guid(3a84401eb4b02204eb546e4f4e2c7113) Importer(2089858483,b0f066a214c2f5e87bad3c948f4d605d)
Start importing Assets/Invector-3rdPersonController/Shooter/TargetTrainingMiniGame/Materials/Wall.mat using Guid(3a84401eb4b02204eb546e4f4e2c7113) Importer(2089858483,b0f066a214c2f5e87bad3c948f4d605d) (ScriptedImporter) -> (artifact id: '5226083795000dd376353136bf1e0a04') in 0.0526467 seconds
Number of updated asset objects reloaded before import = 0Number of asset objects unloaded after import = 4

========================================================================
Received Import Request.
  Time since last request: 0.000043 seconds.
  path: Assets/Invector-3rdPersonController/Melee Combat/3DModels/vMeleeWeapons/vAxe/Materials/Axe_Texture.mat
  artifactKey: Guid(a8cb5274004d1234c84a615858085f66) Importer(2089858483,b0f066a214c2f5e87bad3c948f4d605d)
Start importing Assets/Invector-3rdPersonController/Melee Combat/3DModels/vMeleeWeapons/vAxe/Materials/Axe_Texture.mat using Guid(a8cb5274004d1234c84a615858085f66) Importer(2089858483,b0f066a214c2f5e87bad3c948f4d605d) (ScriptedImporter) -> (artifact id: '4666274082d1f81181871cd99cfe5ed4') in 0.0327479 seconds
Number of updated asset objects reloaded before import = 0Number of asset objects unloaded after import = 3

========================================================================
Received Import Request.
  Time since last request: 0.000316 seconds.
  path: Assets/Invector-3rdPersonController/Basic Locomotion/3D Models/Textures/prototype_textures/Materials/Poison_v.mat
  artifactKey: Guid(84c7db30b44eddf448ebdbf36007e974) Importer(2089858483,b0f066a214c2f5e87bad3c948f4d605d)
Start importing Assets/Invector-3rdPersonController/Basic Locomotion/3D Models/Textures/prototype_textures/Materials/Poison_v.mat using Guid(84c7db30b44eddf448ebdbf36007e974) Importer(2089858483,b0f066a214c2f5e87bad3c948f4d605d) (ScriptedImporter) -> (artifact id: '71312e81b31e304a654991b6def5259c') in 0.0339729 seconds
Number of updated asset objects reloaded before import = 0Number of asset objects unloaded after import = 1

========================================================================
Received Import Request.
  Time since last request: 0.000052 seconds.
  path: Assets/Invector-3rdPersonController/Melee Combat/Resources/Materials/meleeLogo.mat
  artifactKey: Guid(d2d254845e09f7648a96db3c0a6fca21) Importer(2089858483,b0f066a214c2f5e87bad3c948f4d605d)
Start importing Assets/Invector-3rdPersonController/Melee Combat/Resources/Materials/meleeLogo.mat using Guid(d2d254845e09f7648a96db3c0a6fca21) Importer(2089858483,b0f066a214c2f5e87bad3c948f4d605d) (ScriptedImporter) -> (artifact id: '2b919f10b94206794970004dd899ae2e') in 0.0274754 seconds
Number of updated asset objects reloaded before import = 0Number of asset objects unloaded after import = 2

========================================================================
Received Import Request.
  Time since last request: 0.000073 seconds.
  path: Assets/Standard Assets/Vehicles/Aircraft/Materials/AircraftWingsPropellersWhite.mat
  artifactKey: Guid(ef1216aa37a0cc249a6a6f5abbd25665) Importer(2089858483,b0f066a214c2f5e87bad3c948f4d605d)
Start importing Assets/Standard Assets/Vehicles/Aircraft/Materials/AircraftWingsPropellersWhite.mat using Guid(ef1216aa37a0cc249a6a6f5abbd25665) Importer(2089858483,b0f066a214c2f5e87bad3c948f4d605d) (ScriptedImporter) -> (artifact id: '7e75d87c5c8687ee205a5a9624e5cd7a') in 0.0835465 seconds
Number of updated asset objects reloaded before import = 0Number of asset objects unloaded after import = 3

========================================================================
Received Import Request.
  Time since last request: 0.000198 seconds.
  path: Assets/Standard Assets/Environment/SpeedTree/Broadleaf/Broadleaf_Mobile Materials/LOD1/Branches_0.mat
  artifactKey: Guid(1092dd21af768cb499771bf88709dbbd) Importer(2089858483,b0f066a214c2f5e87bad3c948f4d605d)
Start importing Assets/Standard Assets/Environment/SpeedTree/Broadleaf/Broadleaf_Mobile Materials/LOD1/Branches_0.mat using Guid(1092dd21af768cb499771bf88709dbbd) Importer(2089858483,b0f066a214c2f5e87bad3c948f4d605d) (ScriptedImporter) -> (artifact id: 'b3592d6008c3d6b9380adc5ff8cad554') in 0.0239458 seconds
Number of updated asset objects reloaded before import = 0Number of asset objects unloaded after import = 3

========================================================================
Received Import Request.
  Time since last request: 0.000036 seconds.
  path: Assets/ARTnGAME/SkyMaster/Scripts/V5.1 Scripts/unity-deformablesnow/StandAsset/Models/Materials/Asteroid.mat
  artifactKey: Guid(ace554b28b3c23448817bd8c63e751ff) Importer(2089858483,b0f066a214c2f5e87bad3c948f4d605d)
Start importing Assets/ARTnGAME/SkyMaster/Scripts/V5.1 Scripts/unity-deformablesnow/StandAsset/Models/Materials/Asteroid.mat using Guid(ace554b28b3c23448817bd8c63e751ff) Importer(2089858483,b0f066a214c2f5e87bad3c948f4d605d) (ScriptedImporter) -> (artifact id: '697cb5b334921c79c57dc2df8f8a00d5') in 0.0285198 seconds
Number of updated asset objects reloaded before import = 0Number of asset objects unloaded after import = 1

========================================================================
Received Import Request.
  Time since last request: 0.000150 seconds.
  path: Assets/Invector-3rdPersonController/Basic Locomotion/3D Models/Characters/Invector@V-Bot/Materials/V-bot-mobile@orange.mat
  artifactKey: Guid(d9cd56450d1884a41857e2d211dd4249) Importer(2089858483,b0f066a214c2f5e87bad3c948f4d605d)
Start importing Assets/Invector-3rdPersonController/Basic Locomotion/3D Models/Characters/Invector@V-Bot/Materials/V-bot-mobile@orange.mat using Guid(d9cd56450d1884a41857e2d211dd4249) Importer(2089858483,b0f066a214c2f5e87bad3c948f4d605d) (ScriptedImporter) -> (artifact id: '02f0a5ca363e8c12202117e2ed1768da') in 0.0280237 seconds
Number of updated asset objects reloaded before import = 0Number of asset objects unloaded after import = 3

========================================================================
Received Import Request.
  Time since last request: 0.000022 seconds.
  path: Assets/Standard Assets/Prototyping/Materials/NavySmooth.mat
  artifactKey: Guid(1032d41f900276c40a9dd24f55b7d420) Importer(2089858483,b0f066a214c2f5e87bad3c948f4d605d)
Start importing Assets/Standard Assets/Prototyping/Materials/NavySmooth.mat using Guid(1032d41f900276c40a9dd24f55b7d420) Importer(2089858483,b0f066a214c2f5e87bad3c948f4d605d) (ScriptedImporter) -> (artifact id: '24beec634cc1c69ae02bf6a97f92daf9') in 0.0312594 seconds
Number of updated asset objects reloaded before import = 0Number of asset objects unloaded after import = 2

========================================================================
Received Import Request.
  Time since last request: 0.000028 seconds.
  path: Assets/Invector-3rdPersonController/Basic Locomotion/3D Models/Others/HealthItem/Materials/Material.mat
  artifactKey: Guid(8975961753f14df47996f4a383999365) Importer(2089858483,b0f066a214c2f5e87bad3c948f4d605d)
Start importing Assets/Invector-3rdPersonController/Basic Locomotion/3D Models/Others/HealthItem/Materials/Material.mat using Guid(8975961753f14df47996f4a383999365) Importer(2089858483,b0f066a214c2f5e87bad3c948f4d605d) (ScriptedImporter) -> (artifact id: '3632c8e10f20efe5d5c8b41338f5b17a') in 0.033586 seconds
Number of updated asset objects reloaded before import = 0Number of asset objects unloaded after import = 3

========================================================================
Received Import Request.
  Time since last request: 0.000040 seconds.
  path: Assets/Invector-3rdPersonController/Shooter/3DModels/Weapons/vWeaponsNew/material/ScopeLens.mat
  artifactKey: Guid(561823ae1a99aff4bb213bbd3ca724a7) Importer(2089858483,b0f066a214c2f5e87bad3c948f4d605d)
Start importing Assets/Invector-3rdPersonController/Shooter/3DModels/Weapons/vWeaponsNew/material/ScopeLens.mat using Guid(561823ae1a99aff4bb213bbd3ca724a7) Importer(2089858483,b0f066a214c2f5e87bad3c948f4d605d) (ScriptedImporter) -> (artifact id: '0b63378486ae565cc4bd337bb3ced82e') in 0.0650655 seconds
Number of updated asset objects reloaded before import = 0Number of asset objects unloaded after import = 3

========================================================================
Received Import Request.
  Time since last request: 0.000080 seconds.
  path: Assets/Standard Assets/Environment/SpeedTree/Palm/Palm_Desktop Materials/LOD1/Leaves_3.mat
  artifactKey: Guid(9cc6d6e9e3fe9154890a6f9caa77c955) Importer(2089858483,b0f066a214c2f5e87bad3c948f4d605d)
Start importing Assets/Standard Assets/Environment/SpeedTree/Palm/Palm_Desktop Materials/LOD1/Leaves_3.mat using Guid(9cc6d6e9e3fe9154890a6f9caa77c955) Importer(2089858483,b0f066a214c2f5e87bad3c948f4d605d) (ScriptedImporter) -> (artifact id: 'c63cce044036adf0c2327fa2124da373') in 0.0333445 seconds
Number of updated asset objects reloaded before import = 0Number of asset objects unloaded after import = 3

========================================================================
Received Import Request.
  Time since last request: 0.000059 seconds.
  path: Assets/ARTnGAME/SkyMaster/Scripts/V5.1 Scripts/unity-deformablesnow/StandAsset/Models/Materials/SpaceshipGlow.mat
  artifactKey: Guid(c45f0afbf9669834d9bac06fb9f06fb7) Importer(2089858483,b0f066a214c2f5e87bad3c948f4d605d)
Start importing Assets/ARTnGAME/SkyMaster/Scripts/V5.1 Scripts/unity-deformablesnow/StandAsset/Models/Materials/SpaceshipGlow.mat using Guid(c45f0afbf9669834d9bac06fb9f06fb7) Importer(2089858483,b0f066a214c2f5e87bad3c948f4d605d) (ScriptedImporter) -> (artifact id: 'beccbbda651151dcadbf908dbb2e47ff') in 0.0314718 seconds
Number of updated asset objects reloaded before import = 0Number of asset objects unloaded after import = 1

========================================================================
Received Import Request.
  Time since last request: 0.000032 seconds.
  path: Assets/Invector-3rdPersonController/Basic Locomotion/3D Models/vOctagon/Materials/edges.mat
  artifactKey: Guid(03f5669cd6400294abad98057cacd07c) Importer(2089858483,b0f066a214c2f5e87bad3c948f4d605d)
Start importing Assets/Invector-3rdPersonController/Basic Locomotion/3D Models/vOctagon/Materials/edges.mat using Guid(03f5669cd6400294abad98057cacd07c) Importer(2089858483,b0f066a214c2f5e87bad3c948f4d605d) (ScriptedImporter) -> (artifact id: 'c22034a485b5a6cea40c25a22df441cb') in 0.0528826 seconds
Number of updated asset objects reloaded before import = 0Number of asset objects unloaded after import = 3

========================================================================
Received Import Request.
  Time since last request: 0.000074 seconds.
  path: Assets/Invector-3rdPersonController/Shooter/Resources/Shared/Environment/Materials/MetalTrim.mat
  artifactKey: Guid(e0f11b1a7337400468c12894fc7c4cec) Importer(2089858483,b0f066a214c2f5e87bad3c948f4d605d)
Start importing Assets/Invector-3rdPersonController/Shooter/Resources/Shared/Environment/Materials/MetalTrim.mat using Guid(e0f11b1a7337400468c12894fc7c4cec) Importer(2089858483,b0f066a214c2f5e87bad3c948f4d605d) (ScriptedImporter) -> (artifact id: 'bc432916ac24840b3b1bd26a9aa5b911') in 0.0315975 seconds
Number of updated asset objects reloaded before import = 0Number of asset objects unloaded after import = 3

========================================================================
Received Import Request.
  Time since last request: 0.000047 seconds.
  path: Assets/Invector-3rdPersonController/Basic Locomotion/HUD/guide-texts/Materials/jumpover.mat
  artifactKey: Guid(5b566c2bd040aa24f9bea40bf8d47052) Importer(2089858483,b0f066a214c2f5e87bad3c948f4d605d)
Start importing Assets/Invector-3rdPersonController/Basic Locomotion/HUD/guide-texts/Materials/jumpover.mat using Guid(5b566c2bd040aa24f9bea40bf8d47052) Importer(2089858483,b0f066a214c2f5e87bad3c948f4d605d) (ScriptedImporter) -> (artifact id: '1b2d800b2a6d4660fe8799dbc5adf1c6') in 0.0309465 seconds
Number of updated asset objects reloaded before import = 0Number of asset objects unloaded after import = 2

========================================================================
Received Import Request.
  Time since last request: 0.000197 seconds.
  path: Assets/Invector-3rdPersonController/Shooter/Scripts/ArcherySystem/Animations/Materials/vArrow_Difuse.mat
  artifactKey: Guid(139d0caa08c330e4eb7ac784a8598a56) Importer(2089858483,b0f066a214c2f5e87bad3c948f4d605d)
Start importing Assets/Invector-3rdPersonController/Shooter/Scripts/ArcherySystem/Animations/Materials/vArrow_Difuse.mat using Guid(139d0caa08c330e4eb7ac784a8598a56) Importer(2089858483,b0f066a214c2f5e87bad3c948f4d605d) (ScriptedImporter) -> (artifact id: 'e07daec8eebd934a550b438c7ae3dd60') in 0.0256025 seconds
Number of updated asset objects reloaded before import = 0Number of asset objects unloaded after import = 3

========================================================================
Received Import Request.
  Time since last request: 0.000047 seconds.
  path: Assets/Invector-3rdPersonController/Shooter/TargetTrainingMiniGame/Materials/Target.mat
  artifactKey: Guid(0c83d700b72667a4288c0b0cc618d08a) Importer(2089858483,b0f066a214c2f5e87bad3c948f4d605d)
Start importing Assets/Invector-3rdPersonController/Shooter/TargetTrainingMiniGame/Materials/Target.mat using Guid(0c83d700b72667a4288c0b0cc618d08a) Importer(2089858483,b0f066a214c2f5e87bad3c948f4d605d) (ScriptedImporter) -> (artifact id: '130caa79f6749233c64813c728b4abf8') in 0.0420376 seconds
Number of updated asset objects reloaded before import = 0Number of asset objects unloaded after import = 4

========================================================================
Received Import Request.
  Time since last request: 0.000056 seconds.
  path: Assets/Invector-3rdPersonController/Melee Combat/3DModels/vMeleeWeapons/vKatana/Materials/vKatana_04.mat
  artifactKey: Guid(d58ff9fcc0d12f244b4ccb2280bb708f) Importer(2089858483,b0f066a214c2f5e87bad3c948f4d605d)
Start importing Assets/Invector-3rdPersonController/Melee Combat/3DModels/vMeleeWeapons/vKatana/Materials/vKatana_04.mat using Guid(d58ff9fcc0d12f244b4ccb2280bb708f) Importer(2089858483,b0f066a214c2f5e87bad3c948f4d605d) (ScriptedImporter) -> (artifact id: 'c5eeb4a3081a9051d905576792ab915c') in 0.0293379 seconds
Number of updated asset objects reloaded before import = 0Number of asset objects unloaded after import = 3

========================================================================
Received Import Request.
  Time since last request: 0.000154 seconds.
  path: Assets/Standard Assets/Environment/SpeedTree/Conifer/Conifer_Desktop Materials/LOD1/Fronds_2.mat
  artifactKey: Guid(e183610e060210e44ac38d34e83c54d1) Importer(2089858483,b0f066a214c2f5e87bad3c948f4d605d)
Start importing Assets/Standard Assets/Environment/SpeedTree/Conifer/Conifer_Desktop Materials/LOD1/Fronds_2.mat using Guid(e183610e060210e44ac38d34e83c54d1) Importer(2089858483,b0f066a214c2f5e87bad3c948f4d605d) (ScriptedImporter) -> (artifact id: '56eb6b2fe1a81ab224a78494a6a89cc1') in 0.0432041 seconds
Number of updated asset objects reloaded before import = 0Number of asset objects unloaded after import = 3

========================================================================
Received Import Request.
  Time since last request: 0.000079 seconds.
  path: Assets/Invector-3rdPersonController/Basic Locomotion/3D Models/Others/Materials/blue_cube.mat
  artifactKey: Guid(e214d4cadc22d544dae9aa451755af12) Importer(2089858483,b0f066a214c2f5e87bad3c948f4d605d)
Start importing Assets/Invector-3rdPersonController/Basic Locomotion/3D Models/Others/Materials/blue_cube.mat using Guid(e214d4cadc22d544dae9aa451755af12) Importer(2089858483,b0f066a214c2f5e87bad3c948f4d605d) (ScriptedImporter) -> (artifact id: 'd7a8d965d9f7963628846826d7f3466d') in 0.0284635 seconds
Number of updated asset objects reloaded before import = 0Number of asset objects unloaded after import = 4

========================================================================
Received Import Request.
  Time since last request: 0.000054 seconds.
  path: Assets/Invector-3rdPersonController/Shooter/Scripts/ArcherySystem/Animations/Materials/base-2.mat
  artifactKey: Guid(04e2f2d874672da4db4d5edb5248d082) Importer(2089858483,b0f066a214c2f5e87bad3c948f4d605d)
Start importing Assets/Invector-3rdPersonController/Shooter/Scripts/ArcherySystem/Animations/Materials/base-2.mat using Guid(04e2f2d874672da4db4d5edb5248d082) Importer(2089858483,b0f066a214c2f5e87bad3c948f4d605d) (ScriptedImporter) -> (artifact id: 'd12e004d7c95950925d292bc67e2dde5') in 0.0387151 seconds
Number of updated asset objects reloaded before import = 0Number of asset objects unloaded after import = 1

========================================================================
Received Import Request.
  Time since last request: 0.000051 seconds.
  path: Assets/Standard Assets/Prototyping/Materials/YellowSmooth.mat
  artifactKey: Guid(6e1d36c4bbd37d54f9ea183e4f5fd656) Importer(2089858483,b0f066a214c2f5e87bad3c948f4d605d)
Start importing Assets/Standard Assets/Prototyping/Materials/YellowSmooth.mat using Guid(6e1d36c4bbd37d54f9ea183e4f5fd656) Importer(2089858483,b0f066a214c2f5e87bad3c948f4d605d) (ScriptedImporter) -> (artifact id: 'd26c693a6a27a7b15cecf7610990f7bc') in 0.0290465 seconds
Number of updated asset objects reloaded before import = 0Number of asset objects unloaded after import = 2

========================================================================
Received Import Request.
  Time since last request: 0.000037 seconds.
  path: Assets/Invector-3rdPersonController/ItemManager/3D Models/Materials/potionHealth.003.mat
  artifactKey: Guid(77370da96e7edcc4e96d3e4424a5af47) Importer(2089858483,b0f066a214c2f5e87bad3c948f4d605d)
Start importing Assets/Invector-3rdPersonController/ItemManager/3D Models/Materials/potionHealth.003.mat using Guid(77370da96e7edcc4e96d3e4424a5af47) Importer(2089858483,b0f066a214c2f5e87bad3c948f4d605d) (ScriptedImporter) -> (artifact id: '6d55d24cbbb2a40dea269d9a0576f6c6') in 0.027137 seconds
Number of updated asset objects reloaded before import = 0Number of asset objects unloaded after import = 1

========================================================================
Received Import Request.
  Time since last request: 0.000127 seconds.
  path: Assets/Invector-3rdPersonController/Basic Locomotion/3D Models/Textures/basicTextures/Materials/LocomotionBanner.mat
  artifactKey: Guid(1fde83912a8bec848bc5c8d01d2afe97) Importer(2089858483,b0f066a214c2f5e87bad3c948f4d605d)
Start importing Assets/Invector-3rdPersonController/Basic Locomotion/3D Models/Textures/basicTextures/Materials/LocomotionBanner.mat using Guid(1fde83912a8bec848bc5c8d01d2afe97) Importer(2089858483,b0f066a214c2f5e87bad3c948f4d605d) (ScriptedImporter) -> (artifact id: 'd7aaca25ec716bbbb070b9862776ad20') in 0.0307509 seconds
Number of updated asset objects reloaded before import = 0Number of asset objects unloaded after import = 2

========================================================================
Received Import Request.
  Time since last request: 0.000052 seconds.
  path: Assets/Invector-3rdPersonController/Melee Combat/3DModels/vMeleeWeapons/vKatana/Materials/vKatana_01.mat
  artifactKey: Guid(e5ff61849ffbbc94b8ac09191f9d6b96) Importer(2089858483,b0f066a214c2f5e87bad3c948f4d605d)
Start importing Assets/Invector-3rdPersonController/Melee Combat/3DModels/vMeleeWeapons/vKatana/Materials/vKatana_01.mat using Guid(e5ff61849ffbbc94b8ac09191f9d6b96) Importer(2089858483,b0f066a214c2f5e87bad3c948f4d605d) (ScriptedImporter) -> (artifact id: '31fae4f14570b621a8c4495e3f073723') in 0.0380134 seconds
Number of updated asset objects reloaded before import = 0Number of asset objects unloaded after import = 3

========================================================================
Received Import Request.
  Time since last request: 0.000068 seconds.
  path: Assets/Standard Assets/Environment/SpeedTree/Broadleaf/Broadleaf_Desktop Materials/LOD2/Branches_0.mat
  artifactKey: Guid(b0d5705176a0d36419d034e2ea46491a) Importer(2089858483,b0f066a214c2f5e87bad3c948f4d605d)
Start importing Assets/Standard Assets/Environment/SpeedTree/Broadleaf/Broadleaf_Desktop Materials/LOD2/Branches_0.mat using Guid(b0d5705176a0d36419d034e2ea46491a) Importer(2089858483,b0f066a214c2f5e87bad3c948f4d605d) (ScriptedImporter) -> (artifact id: '358afe5c6369805ce1ca3be3b4122384') in 0.0266006 seconds
Number of updated asset objects reloaded before import = 0Number of asset objects unloaded after import = 3

========================================================================
Received Import Request.
  Time since last request: 0.000073 seconds.
  path: Assets/Invector-3rdPersonController/Melee Combat/3DModels/vMeleeWeapons/vAxe/Materials/Axe_Material_010.mat
  artifactKey: Guid(45eb9691b900f4c47bfca1608d665978) Importer(2089858483,b0f066a214c2f5e87bad3c948f4d605d)
Start importing Assets/Invector-3rdPersonController/Melee Combat/3DModels/vMeleeWeapons/vAxe/Materials/Axe_Material_010.mat using Guid(45eb9691b900f4c47bfca1608d665978) Importer(2089858483,b0f066a214c2f5e87bad3c948f4d605d) (ScriptedImporter) -> (artifact id: '91edefa64da4ee1ad16922e7c4c6e54a') in 0.0381664 seconds
Number of updated asset objects reloaded before import = 0Number of asset objects unloaded after import = 1

========================================================================
Received Import Request.
  Time since last request: 0.000070 seconds.
  path: Assets/Invector-3rdPersonController/ItemManager/3D Models/Materials/potionStamina.000.mat
  artifactKey: Guid(9bac7a2a6fe81c546b86cbf97b857a6e) Importer(2089858483,b0f066a214c2f5e87bad3c948f4d605d)
Start importing Assets/Invector-3rdPersonController/ItemManager/3D Models/Materials/potionStamina.000.mat using Guid(9bac7a2a6fe81c546b86cbf97b857a6e) Importer(2089858483,b0f066a214c2f5e87bad3c948f4d605d) (ScriptedImporter) -> (artifact id: '5bce3dbb86182cd6cbf53266478b5c32') in 0.0320127 seconds
Number of updated asset objects reloaded before import = 0Number of asset objects unloaded after import = 1

========================================================================
Received Import Request.
  Time since last request: 0.000038 seconds.
  path: Assets/Invector-3rdPersonController/Basic Locomotion/3D Models/Textures/prototype_textures/Materials/carbon2.mat
  artifactKey: Guid(fdcb5d92a21150a46b75fd32ed28c8be) Importer(2089858483,b0f066a214c2f5e87bad3c948f4d605d)
Start importing Assets/Invector-3rdPersonController/Basic Locomotion/3D Models/Textures/prototype_textures/Materials/carbon2.mat using Guid(fdcb5d92a21150a46b75fd32ed28c8be) Importer(2089858483,b0f066a214c2f5e87bad3c948f4d605d) (ScriptedImporter) -> (artifact id: 'd3881bd1a4a2a52f43d4cb90dba42eb6') in 0.041219 seconds
Number of updated asset objects reloaded before import = 0Number of asset objects unloaded after import = 2

========================================================================
Received Import Request.
  Time since last request: 0.000025 seconds.
  path: Assets/Standard Assets/Environment/SpeedTree/Broadleaf/Broadleaf_Desktop Materials/LOD0/FacingLeaves_4.mat
  artifactKey: Guid(d5b20def9c5c05748a01627738b94531) Importer(2089858483,b0f066a214c2f5e87bad3c948f4d605d)
Start importing Assets/Standard Assets/Environment/SpeedTree/Broadleaf/Broadleaf_Desktop Materials/LOD0/FacingLeaves_4.mat using Guid(d5b20def9c5c05748a01627738b94531) Importer(2089858483,b0f066a214c2f5e87bad3c948f4d605d) (ScriptedImporter) -> (artifact id: '8fe05dc6f711a6fb69c5e596910eaf4c') in 0.0420266 seconds
Number of updated asset objects reloaded before import = 0Number of asset objects unloaded after import = 3

========================================================================
Received Import Request.
  Time since last request: 0.000050 seconds.
  path: Assets/Standard Assets/Prototyping/Materials/PinkSmooth.mat
  artifactKey: Guid(fed4e78bda2b3de45954637fee164b8c) Importer(2089858483,b0f066a214c2f5e87bad3c948f4d605d)
Start importing Assets/Standard Assets/Prototyping/Materials/PinkSmooth.mat using Guid(fed4e78bda2b3de45954637fee164b8c) Importer(2089858483,b0f066a214c2f5e87bad3c948f4d605d) (ScriptedImporter) -> (artifact id: '60072dbf8fce196c11e3526079e023ec') in 0.0285374 seconds
Number of updated asset objects reloaded before import = 0Number of asset objects unloaded after import = 2

========================================================================
Received Import Request.
  Time since last request: 0.000028 seconds.
  path: Assets/Invector-3rdPersonController/Basic Locomotion/3D Models/Others/Materials/orange_cube.mat
  artifactKey: Guid(6a6829872521ac640898a506b5db0156) Importer(2089858483,b0f066a214c2f5e87bad3c948f4d605d)
Start importing Assets/Invector-3rdPersonController/Basic Locomotion/3D Models/Others/Materials/orange_cube.mat using Guid(6a6829872521ac640898a506b5db0156) Importer(2089858483,b0f066a214c2f5e87bad3c948f4d605d) (ScriptedImporter) -> (artifact id: '4b95b7f73660b520e87a94b5ba959e00') in 0.0485603 seconds
Number of updated asset objects reloaded before import = 0Number of asset objects unloaded after import = 3

========================================================================
Received Import Request.
  Time since last request: 0.000061 seconds.
  path: Assets/Invector-3rdPersonController/Basic Locomotion/3D Models/Textures/basicTextures/Materials/blockIcon.mat
  artifactKey: Guid(bfbb0dc28d099374ea54992d9c8b94a6) Importer(2089858483,b0f066a214c2f5e87bad3c948f4d605d)
Start importing Assets/Invector-3rdPersonController/Basic Locomotion/3D Models/Textures/basicTextures/Materials/blockIcon.mat using Guid(bfbb0dc28d099374ea54992d9c8b94a6) Importer(2089858483,b0f066a214c2f5e87bad3c948f4d605d) (ScriptedImporter) -> (artifact id: '83c174d5002dd0a2c422e6089cf7a8e4') in 0.0317457 seconds
Number of updated asset objects reloaded before import = 0Number of asset objects unloaded after import = 2

========================================================================
Received Import Request.
  Time since last request: 0.000053 seconds.
  path: Assets/Standard Assets/Environment/SpeedTree/Broadleaf/Broadleaf_Desktop Materials/LOD1/Leaves_3.mat
  artifactKey: Guid(21b01056ea59b814f9ae15d8e6bb3aac) Importer(2089858483,b0f066a214c2f5e87bad3c948f4d605d)
Start importing Assets/Standard Assets/Environment/SpeedTree/Broadleaf/Broadleaf_Desktop Materials/LOD1/Leaves_3.mat using Guid(21b01056ea59b814f9ae15d8e6bb3aac) Importer(2089858483,b0f066a214c2f5e87bad3c948f4d605d) (ScriptedImporter) -> (artifact id: '5f48ae726d7c2fa3d9e8d05ae5ea70b7') in 0.0375635 seconds
Number of updated asset objects reloaded before import = 0Number of asset objects unloaded after import = 3

========================================================================
Received Import Request.
  Time since last request: 0.000028 seconds.
  path: Assets/Invector-3rdPersonController/Basic Locomotion/3D Models/Characters/Invector@V-Bot/Materials/metal.mat
  artifactKey: Guid(d54b4bc1f1be9d742992c660b899630a) Importer(2089858483,b0f066a214c2f5e87bad3c948f4d605d)
Start importing Assets/Invector-3rdPersonController/Basic Locomotion/3D Models/Characters/Invector@V-Bot/Materials/metal.mat using Guid(d54b4bc1f1be9d742992c660b899630a) Importer(2089858483,b0f066a214c2f5e87bad3c948f4d605d) (ScriptedImporter) -> (artifact id: '15edf6db3cba49da82ebe3c7e33b5b70') in 0.0249261 seconds
Number of updated asset objects reloaded before import = 0Number of asset objects unloaded after import = 1

========================================================================
Received Import Request.
  Time since last request: 0.000046 seconds.
  path: Assets/Invector-3rdPersonController/Basic Locomotion/3D Models/Textures/SurfacesTextures/cement/Materials/cement_d.mat
  artifactKey: Guid(55ebf8fa5d37e8b44a498b2eda491094) Importer(2089858483,b0f066a214c2f5e87bad3c948f4d605d)
Start importing Assets/Invector-3rdPersonController/Basic Locomotion/3D Models/Textures/SurfacesTextures/cement/Materials/cement_d.mat using Guid(55ebf8fa5d37e8b44a498b2eda491094) Importer(2089858483,b0f066a214c2f5e87bad3c948f4d605d) (ScriptedImporter) -> (artifact id: 'ced06a607513ef90680301cae1e38460') in 0.0425515 seconds
Number of updated asset objects reloaded before import = 0Number of asset objects unloaded after import = 3

========================================================================
Received Import Request.
  Time since last request: 0.000041 seconds.
  path: Assets/Invector-3rdPersonController/Basic Locomotion/3D Models/Characters/Invector@V-Bot 2.0/Material/Custom/Joints_Inside.mat
  artifactKey: Guid(a5e11a5a8f5eb46449d5ace6a06e4d54) Importer(2089858483,b0f066a214c2f5e87bad3c948f4d605d)
Start importing Assets/Invector-3rdPersonController/Basic Locomotion/3D Models/Characters/Invector@V-Bot 2.0/Material/Custom/Joints_Inside.mat using Guid(a5e11a5a8f5eb46449d5ace6a06e4d54) Importer(2089858483,b0f066a214c2f5e87bad3c948f4d605d) (ScriptedImporter) -> (artifact id: 'bebd8fa43f63d765852bd30115d5e925') in 0.167842 seconds
Number of updated asset objects reloaded before import = 0Number of asset objects unloaded after import = 4

========================================================================
Received Import Request.
  Time since last request: 0.000164 seconds.
  path: Assets/Standard Assets/Environment/SpeedTree/Conifer/Conifer_Desktop Materials/LOD1/Branches_1.mat
  artifactKey: Guid(fecc9f713338e4943a8c38775af8c046) Importer(2089858483,b0f066a214c2f5e87bad3c948f4d605d)
Start importing Assets/Standard Assets/Environment/SpeedTree/Conifer/Conifer_Desktop Materials/LOD1/Branches_1.mat using Guid(fecc9f713338e4943a8c38775af8c046) Importer(2089858483,b0f066a214c2f5e87bad3c948f4d605d) (ScriptedImporter) -> (artifact id: '93a153ff9a690a2a4baac2f8926f9581') in 0.0320016 seconds
Number of updated asset objects reloaded before import = 0Number of asset objects unloaded after import = 3

========================================================================
Received Import Request.
  Time since last request: 0.000037 seconds.
  path: Assets/ARTnGAME/SkyMaster/Scripts/V5.1 Scripts/unity-deformablesnow/StandAsset/Models/Materials/SpaceshipHull.mat
  artifactKey: Guid(35e2b94eb1006514abf8ae501b17f4d1) Importer(2089858483,b0f066a214c2f5e87bad3c948f4d605d)
Start importing Assets/ARTnGAME/SkyMaster/Scripts/V5.1 Scripts/unity-deformablesnow/StandAsset/Models/Materials/SpaceshipHull.mat using Guid(35e2b94eb1006514abf8ae501b17f4d1) Importer(2089858483,b0f066a214c2f5e87bad3c948f4d605d) (ScriptedImporter) -> (artifact id: '245fed4113eb3ef41c499eb779417965') in 0.0346943 seconds
Number of updated asset objects reloaded before import = 0Number of asset objects unloaded after import = 1

========================================================================
Received Import Request.
  Time since last request: 0.000024 seconds.
  path: Assets/Invector-3rdPersonController/Basic Locomotion/3D Models/Characters/Invector@V-Bot/FBX/Materials/V-bot-texture.mat
  artifactKey: Guid(e273db19c8bd7704099afa4200e56a2c) Importer(2089858483,b0f066a214c2f5e87bad3c948f4d605d)
Start importing Assets/Invector-3rdPersonController/Basic Locomotion/3D Models/Characters/Invector@V-Bot/FBX/Materials/V-bot-texture.mat using Guid(e273db19c8bd7704099afa4200e56a2c) Importer(2089858483,b0f066a214c2f5e87bad3c948f4d605d) (ScriptedImporter) -> (artifact id: '34956d854ebe7bf99b697630e4619773') in 0.0335045 seconds
Number of updated asset objects reloaded before import = 0Number of asset objects unloaded after import = 2

========================================================================
Received Import Request.
  Time since last request: 0.000040 seconds.
  path: Assets/Standard Assets/Environment/SpeedTree/Broadleaf/Broadleaf_Desktop Materials/LOD2/FacingLeaves_4.mat
  artifactKey: Guid(d5222114580affc49a2af92470232e23) Importer(2089858483,b0f066a214c2f5e87bad3c948f4d605d)
Start importing Assets/Standard Assets/Environment/SpeedTree/Broadleaf/Broadleaf_Desktop Materials/LOD2/FacingLeaves_4.mat using Guid(d5222114580affc49a2af92470232e23) Importer(2089858483,b0f066a214c2f5e87bad3c948f4d605d) (ScriptedImporter) -> (artifact id: '7368c5dbff6faaea3e7db3728ec57e40') in 0.0410676 seconds
Number of updated asset objects reloaded before import = 0Number of asset objects unloaded after import = 3

========================================================================
Received Import Request.
  Time since last request: 0.000065 seconds.
  path: Assets/Invector-3rdPersonController/Basic Locomotion/3D Models/Others/Materials/invector-icon-white_lightOn.mat
  artifactKey: Guid(c2a62210407944d1db0bd0ad0771dbf7) Importer(2089858483,b0f066a214c2f5e87bad3c948f4d605d)
Start importing Assets/Invector-3rdPersonController/Basic Locomotion/3D Models/Others/Materials/invector-icon-white_lightOn.mat using Guid(c2a62210407944d1db0bd0ad0771dbf7) Importer(2089858483,b0f066a214c2f5e87bad3c948f4d605d) (ScriptedImporter) -> (artifact id: '67e860824608e7f99fefcf153ee8eb82') in 0.0299598 seconds
Number of updated asset objects reloaded before import = 0Number of asset objects unloaded after import = 2

========================================================================
Received Import Request.
  Time since last request: 0.000026 seconds.
  path: Assets/Standard Assets/Vehicles/Car/Materials/SkyCarBodyGrey.mat
  artifactKey: Guid(d425c5c4cb38fd44f95b13e9f94575c2) Importer(2089858483,b0f066a214c2f5e87bad3c948f4d605d)
Start importing Assets/Standard Assets/Vehicles/Car/Materials/SkyCarBodyGrey.mat using Guid(d425c5c4cb38fd44f95b13e9f94575c2) Importer(2089858483,b0f066a214c2f5e87bad3c948f4d605d) (ScriptedImporter) -> (artifact id: '4485eaf23eb1abb52957bc3d11f56021') in 0.0452684 seconds
Number of updated asset objects reloaded before import = 0Number of asset objects unloaded after import = 3

========================================================================
Received Import Request.
  Time since last request: 0.000053 seconds.
  path: Assets/Invector-3rdPersonController/Basic Locomotion/HUD/guide-texts/Materials/45.mat
  artifactKey: Guid(400a32ebf1c71194aa9b95f31e6737cd) Importer(2089858483,b0f066a214c2f5e87bad3c948f4d605d)
Start importing Assets/Invector-3rdPersonController/Basic Locomotion/HUD/guide-texts/Materials/45.mat using Guid(400a32ebf1c71194aa9b95f31e6737cd) Importer(2089858483,b0f066a214c2f5e87bad3c948f4d605d) (ScriptedImporter) -> (artifact id: 'e34378b9f4391104c9b8fd34e50f7c4a') in 0.03576 seconds
Number of updated asset objects reloaded before import = 0Number of asset objects unloaded after import = 2

========================================================================
Received Import Request.
  Time since last request: 0.000055 seconds.
  path: Assets/Standard Assets/Environment/SpeedTree/Broadleaf/Broadleaf_Desktop Materials/LOD2/Fronds_2.mat
  artifactKey: Guid(ee0b78d572fcec249860ad38970b7888) Importer(2089858483,b0f066a214c2f5e87bad3c948f4d605d)
Start importing Assets/Standard Assets/Environment/SpeedTree/Broadleaf/Broadleaf_Desktop Materials/LOD2/Fronds_2.mat using Guid(ee0b78d572fcec249860ad38970b7888) Importer(2089858483,b0f066a214c2f5e87bad3c948f4d605d) (ScriptedImporter) -> (artifact id: '32877314dbbf3bd153899e30e4bdfb5f') in 0.0315982 seconds
Number of updated asset objects reloaded before import = 0Number of asset objects unloaded after import = 3

========================================================================
Received Import Request.
  Time since last request: 0.000032 seconds.
  path: Assets/Invector-3rdPersonController/Shooter/3DModels/Textures/VbotBlackShooterEdition/BlackShooterEdition/Body.mat
  artifactKey: Guid(d8bab0df5d3f0a045a31549c871c8e49) Importer(2089858483,b0f066a214c2f5e87bad3c948f4d605d)
Start importing Assets/Invector-3rdPersonController/Shooter/3DModels/Textures/VbotBlackShooterEdition/BlackShooterEdition/Body.mat using Guid(d8bab0df5d3f0a045a31549c871c8e49) Importer(2089858483,b0f066a214c2f5e87bad3c948f4d605d) (ScriptedImporter) -> (artifact id: '1e724442749b286a933e6069124ab6aa') in 0.041118 seconds
Number of updated asset objects reloaded before import = 0Number of asset objects unloaded after import = 2

========================================================================
Received Import Request.
  Time since last request: 0.000035 seconds.
  path: Assets/Standard Assets/Environment/SpeedTree/Conifer/Conifer_Desktop Materials/LOD1/Leaves_3.mat
  artifactKey: Guid(e6751882f7503bd4f9c6c3902e8b6188) Importer(2089858483,b0f066a214c2f5e87bad3c948f4d605d)
Start importing Assets/Standard Assets/Environment/SpeedTree/Conifer/Conifer_Desktop Materials/LOD1/Leaves_3.mat using Guid(e6751882f7503bd4f9c6c3902e8b6188) Importer(2089858483,b0f066a214c2f5e87bad3c948f4d605d) (ScriptedImporter) -> (artifact id: '0dad0533db46c6804ffcff4f4d51b45d') in 0.0320817 seconds
Number of updated asset objects reloaded before import = 0Number of asset objects unloaded after import = 3

========================================================================
Received Import Request.
  Time since last request: 0.000083 seconds.
  path: Assets/Standard Assets/Vehicles/Car/Materials/SkyCarWheelGrey.mat
  artifactKey: Guid(965a4c3cf8f0acb408f15384c947b3fd) Importer(2089858483,b0f066a214c2f5e87bad3c948f4d605d)
Start importing Assets/Standard Assets/Vehicles/Car/Materials/SkyCarWheelGrey.mat using Guid(965a4c3cf8f0acb408f15384c947b3fd) Importer(2089858483,b0f066a214c2f5e87bad3c948f4d605d) (ScriptedImporter) -> (artifact id: '9d8418c7136d332c2255f6dd4c1464f6') in 0.0459127 seconds
Number of updated asset objects reloaded before import = 0Number of asset objects unloaded after import = 3

========================================================================
Received Import Request.
  Time since last request: 0.000026 seconds.
  path: Assets/Standard Assets/Environment/SpeedTree/Palm/Palm_Desktop Materials/LOD0/Fronds_2.mat
  artifactKey: Guid(1cb3f0c5c8637644dae1816a674f7e10) Importer(2089858483,b0f066a214c2f5e87bad3c948f4d605d)
Start importing Assets/Standard Assets/Environment/SpeedTree/Palm/Palm_Desktop Materials/LOD0/Fronds_2.mat using Guid(1cb3f0c5c8637644dae1816a674f7e10) Importer(2089858483,b0f066a214c2f5e87bad3c948f4d605d) (ScriptedImporter) -> (artifact id: 'ace34595b182b26c385507dc430bfcbe') in 0.0397035 seconds
Number of updated asset objects reloaded before import = 0Number of asset objects unloaded after import = 3

========================================================================
Received Import Request.
  Time since last request: 0.000044 seconds.
  path: Assets/Invector-3rdPersonController/Melee Combat/3DModels/vMeleeWeapons/vKatana/Materials/vKatana_03.mat
  artifactKey: Guid(3511a2bf3cdf579419a51771a57962c2) Importer(2089858483,b0f066a214c2f5e87bad3c948f4d605d)
Start importing Assets/Invector-3rdPersonController/Melee Combat/3DModels/vMeleeWeapons/vKatana/Materials/vKatana_03.mat using Guid(3511a2bf3cdf579419a51771a57962c2) Importer(2089858483,b0f066a214c2f5e87bad3c948f4d605d) (ScriptedImporter) -> (artifact id: '41ec602859d19401de320129c4c24bf4') in 0.0506904 seconds
Number of updated asset objects reloaded before import = 0Number of asset objects unloaded after import = 3

========================================================================
Received Import Request.
  Time since last request: 0.000054 seconds.
  path: Assets/Invector-3rdPersonController/Melee Combat/3DModels/Textures/vTexture/redline.mat
  artifactKey: Guid(5b0fff1cce03fb34dafb1155e9caf794) Importer(2089858483,b0f066a214c2f5e87bad3c948f4d605d)
Start importing Assets/Invector-3rdPersonController/Melee Combat/3DModels/Textures/vTexture/redline.mat using Guid(5b0fff1cce03fb34dafb1155e9caf794) Importer(2089858483,b0f066a214c2f5e87bad3c948f4d605d) (ScriptedImporter) -> (artifact id: '69c5ed9e2a8888cb03f4ebd099285072') in 0.0256576 seconds
Number of updated asset objects reloaded before import = 0Number of asset objects unloaded after import = 2

========================================================================
Received Import Request.
  Time since last request: 0.000022 seconds.
  path: Assets/Standard Assets/Environment/SpeedTree/Broadleaf/Broadleaf_Desktop Materials/LOD2/Leaves_3.mat
  artifactKey: Guid(355b3169750599e4f957a9d54675c3fa) Importer(2089858483,b0f066a214c2f5e87bad3c948f4d605d)
Start importing Assets/Standard Assets/Environment/SpeedTree/Broadleaf/Broadleaf_Desktop Materials/LOD2/Leaves_3.mat using Guid(355b3169750599e4f957a9d54675c3fa) Importer(2089858483,b0f066a214c2f5e87bad3c948f4d605d) (ScriptedImporter) -> (artifact id: 'fdf458ad4d9cde4e8d2d1d4bc4a03880') in 0.0341691 seconds
Number of updated asset objects reloaded before import = 0Number of asset objects unloaded after import = 3

========================================================================
Received Import Request.
  Time since last request: 0.000042 seconds.
  path: Assets/Standard Assets/Prototyping/Materials/YellowGrid.mat
  artifactKey: Guid(82096aab38f01cb40a1cbf8629a810ba) Importer(2089858483,b0f066a214c2f5e87bad3c948f4d605d)
Start importing Assets/Standard Assets/Prototyping/Materials/YellowGrid.mat using Guid(82096aab38f01cb40a1cbf8629a810ba) Importer(2089858483,b0f066a214c2f5e87bad3c948f4d605d) (ScriptedImporter) -> (artifact id: '2b6d3747efb456c0498c324092ef0cce') in 0.0288849 seconds
Number of updated asset objects reloaded before import = 0Number of asset objects unloaded after import = 3

========================================================================
Received Import Request.
  Time since last request: 0.000050 seconds.
  path: Assets/Invector-3rdPersonController/Shooter/3DModels/Props/ShooterTrainingArea/ShooterTrainingArea.mat
  artifactKey: Guid(c634a7376bd27cb468491a7fbe02c06e) Importer(2089858483,b0f066a214c2f5e87bad3c948f4d605d)
Start importing Assets/Invector-3rdPersonController/Shooter/3DModels/Props/ShooterTrainingArea/ShooterTrainingArea.mat using Guid(c634a7376bd27cb468491a7fbe02c06e) Importer(2089858483,b0f066a214c2f5e87bad3c948f4d605d) (ScriptedImporter) -> (artifact id: '8821f8a1c6cd5e552275e369f80e4634') in 0.0370667 seconds
Number of updated asset objects reloaded before import = 0Number of asset objects unloaded after import = 2

========================================================================
Received Import Request.
  Time since last request: 0.000030 seconds.
  path: Assets/Invector-3rdPersonController/Shooter/3DModels/Weapons/vWeaponsNew/mesh/Materials/orange.mat
  artifactKey: Guid(ce2b315703d3c1b43adceff36f2c494a) Importer(2089858483,b0f066a214c2f5e87bad3c948f4d605d)
Start importing Assets/Invector-3rdPersonController/Shooter/3DModels/Weapons/vWeaponsNew/mesh/Materials/orange.mat using Guid(ce2b315703d3c1b43adceff36f2c494a) Importer(2089858483,b0f066a214c2f5e87bad3c948f4d605d) (ScriptedImporter) -> (artifact id: '59d841fed64437b3654182e2cdee233f') in 0.0360731 seconds
Number of updated asset objects reloaded before import = 0Number of asset objects unloaded after import = 1

========================================================================
Received Import Request.
  Time since last request: 0.000043 seconds.
  path: Assets/Standard Assets/Vehicles/Aircraft/Materials/AircraftWingsPropellerBlurWhite.mat
  artifactKey: Guid(f5a209142cf260f4a96ca747e0e4dadf) Importer(2089858483,b0f066a214c2f5e87bad3c948f4d605d)
Start importing Assets/Standard Assets/Vehicles/Aircraft/Materials/AircraftWingsPropellerBlurWhite.mat using Guid(f5a209142cf260f4a96ca747e0e4dadf) Importer(2089858483,b0f066a214c2f5e87bad3c948f4d605d) (ScriptedImporter) -> (artifact id: '4b6a761b8514faf31d1400c8d0657fd5') in 0.0224371 seconds
Number of updated asset objects reloaded before import = 0Number of asset objects unloaded after import = 3

========================================================================
Received Import Request.
  Time since last request: 0.000034 seconds.
  path: Assets/SampleScenes/Materials/PinkSmooth.mat
  artifactKey: Guid(9335c65f42a781d4c881b93bec5412b9) Importer(2089858483,b0f066a214c2f5e87bad3c948f4d605d)
Start importing Assets/SampleScenes/Materials/PinkSmooth.mat using Guid(9335c65f42a781d4c881b93bec5412b9) Importer(2089858483,b0f066a214c2f5e87bad3c948f4d605d) (ScriptedImporter) -> (artifact id: '22d8bb9af19b86a89edf294be8080a9a') in 0.0310199 seconds
Number of updated asset objects reloaded before import = 0Number of asset objects unloaded after import = 2

========================================================================
Received Import Request.
  Time since last request: 0.000117 seconds.
  path: Assets/Invector-3rdPersonController/Basic Locomotion/Resources/Light red.mat
  artifactKey: Guid(c74f90384bda2214da30b9fe70e73be6) Importer(2089858483,b0f066a214c2f5e87bad3c948f4d605d)
Start importing Assets/Invector-3rdPersonController/Basic Locomotion/Resources/Light red.mat using Guid(c74f90384bda2214da30b9fe70e73be6) Importer(2089858483,b0f066a214c2f5e87bad3c948f4d605d) (ScriptedImporter) -> (artifact id: '59144c992b02ad8411f7ee758a0d6823') in 0.0305146 seconds
Number of updated asset objects reloaded before import = 0Number of asset objects unloaded after import = 1

========================================================================
Received Import Request.
  Time since last request: 0.000034 seconds.
  path: Assets/Invector-3rdPersonController/Basic Locomotion/3D Models/Others/SimpleDoor/Materials/Door_Blue.mat
  artifactKey: Guid(db2c88db9560a1743ba55608c16eab1e) Importer(2089858483,b0f066a214c2f5e87bad3c948f4d605d)
Start importing Assets/Invector-3rdPersonController/Basic Locomotion/3D Models/Others/SimpleDoor/Materials/Door_Blue.mat using Guid(db2c88db9560a1743ba55608c16eab1e) Importer(2089858483,b0f066a214c2f5e87bad3c948f4d605d) (ScriptedImporter) -> (artifact id: '718412c95b150f7d1b32b160498400d1') in 0.0309898 seconds
Number of updated asset objects reloaded before import = 0Number of asset objects unloaded after import = 5

========================================================================
Received Import Request.
  Time since last request: 0.000165 seconds.
  path: Assets/Invector-3rdPersonController/Shooter/Scripts/DecalManager/Materials/vDecalMaterial.mat
  artifactKey: Guid(68c902126d1e5bb48973f698c07ff293) Importer(2089858483,b0f066a214c2f5e87bad3c948f4d605d)
Start importing Assets/Invector-3rdPersonController/Shooter/Scripts/DecalManager/Materials/vDecalMaterial.mat using Guid(68c902126d1e5bb48973f698c07ff293) Importer(2089858483,b0f066a214c2f5e87bad3c948f4d605d) (ScriptedImporter) -> (artifact id: '54e97278f446ab73c311f856570c785e') in 0.0919336 seconds
Number of updated asset objects reloaded before import = 0Number of asset objects unloaded after import = 4

========================================================================
Received Import Request.
  Time since last request: 0.000064 seconds.
  path: Assets/Invector-3rdPersonController/Basic Locomotion/3D Models/Characters/Invector@V-Bot/Materials/rubber.mat
  artifactKey: Guid(8423017f5dc8db74e89724fca7ab915f) Importer(2089858483,b0f066a214c2f5e87bad3c948f4d605d)
Start importing Assets/Invector-3rdPersonController/Basic Locomotion/3D Models/Characters/Invector@V-Bot/Materials/rubber.mat using Guid(8423017f5dc8db74e89724fca7ab915f) Importer(2089858483,b0f066a214c2f5e87bad3c948f4d605d) (ScriptedImporter) -> (artifact id: 'ec65e6232e63f6590e8c7acd8a31b80e') in 0.0320438 seconds
Number of updated asset objects reloaded before import = 0Number of asset objects unloaded after import = 1

========================================================================
Received Import Request.
  Time since last request: 0.000043 seconds.
  path: Assets/Invector-3rdPersonController/Basic Locomotion/3D Models/Others/Materials/invector-logo.mat
  artifactKey: Guid(6bacfe8fec5efc14b8c1704a0cb71b29) Importer(2089858483,b0f066a214c2f5e87bad3c948f4d605d)
Start importing Assets/Invector-3rdPersonController/Basic Locomotion/3D Models/Others/Materials/invector-logo.mat using Guid(6bacfe8fec5efc14b8c1704a0cb71b29) Importer(2089858483,b0f066a214c2f5e87bad3c948f4d605d) (ScriptedImporter) -> (artifact id: '8756e98cb86e2bf4d58589f1d7ce8810') in 0.0369461 seconds
Number of updated asset objects reloaded before import = 0Number of asset objects unloaded after import = 3

========================================================================
Received Import Request.
  Time since last request: 0.000039 seconds.
  path: Assets/Invector-3rdPersonController/ItemManager/3D Models/Materials/Invector-Chest-02.mat
  artifactKey: Guid(9b8c2cd4d243f124a8f219611c9d9266) Importer(2089858483,b0f066a214c2f5e87bad3c948f4d605d)
Start importing Assets/Invector-3rdPersonController/ItemManager/3D Models/Materials/Invector-Chest-02.mat using Guid(9b8c2cd4d243f124a8f219611c9d9266) Importer(2089858483,b0f066a214c2f5e87bad3c948f4d605d) (ScriptedImporter) -> (artifact id: '80c13358d889d8da19bd97cb437aa1db') in 0.0364309 seconds
Number of updated asset objects reloaded before import = 0Number of asset objects unloaded after import = 3

========================================================================
Received Import Request.
  Time since last request: 0.000050 seconds.
  path: Assets/Invector-3rdPersonController/Basic Locomotion/3D Models/Textures/prototype_textures/blue_floor_Tiled 1.mat
  artifactKey: Guid(50379933e8dbabe4eb6d36e41aec0185) Importer(2089858483,b0f066a214c2f5e87bad3c948f4d605d)
Start importing Assets/Invector-3rdPersonController/Basic Locomotion/3D Models/Textures/prototype_textures/blue_floor_Tiled 1.mat using Guid(50379933e8dbabe4eb6d36e41aec0185) Importer(2089858483,b0f066a214c2f5e87bad3c948f4d605d) (ScriptedImporter) -> (artifact id: '78cc37edccec5350e49cf5178ad3f2cd') in 0.03031 seconds
Number of updated asset objects reloaded before import = 0Number of asset objects unloaded after import = 3

========================================================================
Received Import Request.
  Time since last request: 0.000029 seconds.
  path: Assets/Invector-3rdPersonController/Shooter/Resources/Shared/Environment/Materials/ConcreteFloor.mat
  artifactKey: Guid(21c505286c5bbe045a472bee261889e8) Importer(2089858483,b0f066a214c2f5e87bad3c948f4d605d)
Start importing Assets/Invector-3rdPersonController/Shooter/Resources/Shared/Environment/Materials/ConcreteFloor.mat using Guid(21c505286c5bbe045a472bee261889e8) Importer(2089858483,b0f066a214c2f5e87bad3c948f4d605d) (ScriptedImporter) -> (artifact id: 'add1b1c087fc3a857480652a8119a215') in 0.0639824 seconds
Number of updated asset objects reloaded before import = 0Number of asset objects unloaded after import = 5

========================================================================
Received Import Request.
  Time since last request: 0.000066 seconds.
  path: Assets/Invector-3rdPersonController/ItemManager/Icons/Materials/remove_icon.mat
  artifactKey: Guid(9e97d430cf89a4c499333682e01b4fd3) Importer(2089858483,b0f066a214c2f5e87bad3c948f4d605d)
Start importing Assets/Invector-3rdPersonController/ItemManager/Icons/Materials/remove_icon.mat using Guid(9e97d430cf89a4c499333682e01b4fd3) Importer(2089858483,b0f066a214c2f5e87bad3c948f4d605d) (ScriptedImporter) -> (artifact id: '55778d3549eca61485616af085342cde') in 0.0331885 seconds
Number of updated asset objects reloaded before import = 0Number of asset objects unloaded after import = 2

========================================================================
Received Import Request.
  Time since last request: 0.000040 seconds.
  path: Assets/Invector-3rdPersonController/Shooter/3DModels/Particles/Materials/aim.mat
  artifactKey: Guid(737e2b33512effa4ea9d3629163e9f83) Importer(2089858483,b0f066a214c2f5e87bad3c948f4d605d)
Start importing Assets/Invector-3rdPersonController/Shooter/3DModels/Particles/Materials/aim.mat using Guid(737e2b33512effa4ea9d3629163e9f83) Importer(2089858483,b0f066a214c2f5e87bad3c948f4d605d) (ScriptedImporter) -> (artifact id: 'fa83fb46b26d1a780a2536c2287f8d63') in 0.0285893 seconds
Number of updated asset objects reloaded before import = 0Number of asset objects unloaded after import = 3

========================================================================
Received Import Request.
  Time since last request: 0.000083 seconds.
  path: Assets/Standard Assets/Environment/SpeedTree/Broadleaf/Broadleaf_Desktop Materials/LOD0/Branches_0.mat
  artifactKey: Guid(89bc4a04979629642988a379a429608a) Importer(2089858483,b0f066a214c2f5e87bad3c948f4d605d)
Start importing Assets/Standard Assets/Environment/SpeedTree/Broadleaf/Broadleaf_Desktop Materials/LOD0/Branches_0.mat using Guid(89bc4a04979629642988a379a429608a) Importer(2089858483,b0f066a214c2f5e87bad3c948f4d605d) (ScriptedImporter) -> (artifact id: '3bb6884648c523d1c27f04bb5cedf8de') in 0.0300145 seconds
Number of updated asset objects reloaded before import = 0Number of asset objects unloaded after import = 3

========================================================================
Received Import Request.
  Time since last request: 0.000038 seconds.
  path: Assets/Invector-3rdPersonController/Melee Combat/3DModels/vMeleeWeapons/vSword/Materials/Sword_V_difuse.mat
  artifactKey: Guid(86b9be6fc7905f447979c4292830ad75) Importer(2089858483,b0f066a214c2f5e87bad3c948f4d605d)
Start importing Assets/Invector-3rdPersonController/Melee Combat/3DModels/vMeleeWeapons/vSword/Materials/Sword_V_difuse.mat using Guid(86b9be6fc7905f447979c4292830ad75) Importer(2089858483,b0f066a214c2f5e87bad3c948f4d605d) (ScriptedImporter) -> (artifact id: '0296333c6393dc00d0363ea583eee5f7') in 0.0303737 seconds
Number of updated asset objects reloaded before import = 0Number of asset objects unloaded after import = 3

========================================================================
Received Import Request.
  Time since last request: 0.000067 seconds.
  path: Assets/Invector-3rdPersonController/ItemManager/3D Models/Materials/transp.001.mat
  artifactKey: Guid(a739230fc3597ac4794e42287ea59e6f) Importer(2089858483,b0f066a214c2f5e87bad3c948f4d605d)
Start importing Assets/Invector-3rdPersonController/ItemManager/3D Models/Materials/transp.001.mat using Guid(a739230fc3597ac4794e42287ea59e6f) Importer(2089858483,b0f066a214c2f5e87bad3c948f4d605d) (ScriptedImporter) -> (artifact id: '2777082f0ec88f52a31984a276caea84') in 0.0300039 seconds
Number of updated asset objects reloaded before import = 0Number of asset objects unloaded after import = 1

========================================================================
Received Import Request.
  Time since last request: 0.000052 seconds.
  path: Assets/Invector-3rdPersonController/Basic Locomotion/Resources/Light blue.mat
  artifactKey: Guid(bbceefd19212efa4db37b0c208b5545b) Importer(2089858483,b0f066a214c2f5e87bad3c948f4d605d)
Start importing Assets/Invector-3rdPersonController/Basic Locomotion/Resources/Light blue.mat using Guid(bbceefd19212efa4db37b0c208b5545b) Importer(2089858483,b0f066a214c2f5e87bad3c948f4d605d) (ScriptedImporter) -> (artifact id: '0ac983750846f5e7d68bd46a46ca5c8e') in 0.0265658 seconds
Number of updated asset objects reloaded before import = 0Number of asset objects unloaded after import = 1

========================================================================
Received Import Request.
  Time since last request: 0.000103 seconds.
  path: Assets/Standard Assets/Environment/Water (Basic)/Materials/WaterDefault.mat
  artifactKey: Guid(30abebfd9bf1c49d8a2d26e61e66bc15) Importer(2089858483,b0f066a214c2f5e87bad3c948f4d605d)
Start importing Assets/Standard Assets/Environment/Water (Basic)/Materials/WaterDefault.mat using Guid(30abebfd9bf1c49d8a2d26e61e66bc15) Importer(2089858483,b0f066a214c2f5e87bad3c948f4d605d) (ScriptedImporter) -> (artifact id: '5e05894924b89755b3d6133b3a47e721') in 0.0346025 seconds
Number of updated asset objects reloaded before import = 0Number of asset objects unloaded after import = 2

========================================================================
Received Import Request.
  Time since last request: 0.000037 seconds.
  path: Assets/Invector-3rdPersonController/Basic Locomotion/3D Models/Textures/prototype_textures/Materials/ladder_Metal.mat
  artifactKey: Guid(2e23f77229be3224dbd1cd73d77ab2dc) Importer(2089858483,b0f066a214c2f5e87bad3c948f4d605d)
Start importing Assets/Invector-3rdPersonController/Basic Locomotion/3D Models/Textures/prototype_textures/Materials/ladder_Metal.mat using Guid(2e23f77229be3224dbd1cd73d77ab2dc) Importer(2089858483,b0f066a214c2f5e87bad3c948f4d605d) (ScriptedImporter) -> (artifact id: '0f42393d4f9e75ef6e3b1ff034a3a112') in 0.0416699 seconds
Number of updated asset objects reloaded before import = 0Number of asset objects unloaded after import = 3

========================================================================
Received Prepare
Assembly reference Packages/com.unity.cinemachine/Editor/Samples/ExposeHDRPInternals/HDRP-Editor-ref.asmref has no target assembly definition
Assembly reference Packages/com.unity.cinemachine/Editor/Samples/ExposeHDRPInternals/HDRP-Editor-ref.asmref has no target assembly definition
Begin MonoManager ReloadAssembly
[Licensing::Client] Successfully resolved entitlement details
Duplicate assembly 'System.Runtime.CompilerServices.Unsafe.dll' with different versions detected, using 'Packages/com.unity.collections/Unity.Collections.Tests/System.Runtime.CompilerServices.Unsafe/System.Runtime.CompilerServices.Unsafe.dll, AssemblyName=System.Runtime.CompilerServices.Unsafe, Version=6.0.0.0, Culture=neutral, PublicKeyToken=b03f5f7f11d50a3a' and ignoring 'Packages/com.unity.ai.assistant/Plugins/Markdig/Dependencies/System.Runtime.CompilerServices.Unsafe.dll, AssemblyName=System.Runtime.CompilerServices.Unsafe, Version=4.0.6.0, Culture=neutral, PublicKeyToken=b03f5f7f11d50a3a'.Symbol file LoadedFromMemory is not a mono symbol file
Symbol file LoadedFromMemory is not a mono symbol file
- Loaded All Assemblies, in  1.694 seconds
Assembly reference Packages/com.unity.cinemachine/Editor/Samples/ExposeHDRPInternals/HDRP-Editor-ref.asmref has no target assembly definition
'Packages/com.unity.cinemachine/Editor/Obsolete/CinemachineVirtualCameraBaseEditor.cs' contains partial class of Unity.Object, exactly 1 of the partial classes needs to be in a file with the same filename. This is to know the one that can be referenced from ie. GameObjects
'Assets/Invector-3rdPersonController/Basic Locomotion/Scripts/Ragdoll/vDamageReceiver.cs' contains partial class of Unity.Object, exactly 1 of the partial classes needs to be in a file with the same filename. This is to know the one that can be referenced from ie. GameObjects
'Assets/Invector-3rdPersonController/Shooter/Scripts/Shooter/vDamageReceiver.cs' contains partial class of Unity.Object, exactly 1 of the partial classes needs to be in a file with the same filename. This is to know the one that can be referenced from ie. GameObjects
'Packages/com.unity.cinemachine/Editor/Editors/CinemachineVirtualCameraBaseEditor.cs' contains partial class of Unity.Object, exactly 1 of the partial classes needs to be in a file with the same filename. This is to know the one that can be referenced from ie. GameObjects
Refreshing native plugins compatible for Editor in 6.57 ms, found 25 plugins.
Native extension for Android target not found
Native extension for WindowsStandalone target not found
Assembly reference Packages/com.unity.cinemachine/Editor/Samples/ExposeHDRPInternals/HDRP-Editor-ref.asmref has no target assembly definition
[Package Manager] Failed to launch server process. Reason: Unity was launched with the -noUpm command-line argument
[Package Manager] Unable to send message (not connected to server process).
[Package Manager] Cannot connect to Unity Package Manager local server
Refreshing native plugins compatible for Editor in 19.03 ms, found 25 plugins.
[Package Manager] Failed to launch server process. Reason: Unity was launched with the -noUpm command-line argument
[Package Manager] Unable to send message (not connected to server process).
[Package Manager] Cannot connect to Unity Package Manager local server
[Package Manager] Failed to launch server process. Reason: Unity was launched with the -noUpm command-line argument
[Package Manager] Unable to send message (not connected to server process).
[Package Manager] Cannot connect to Unity Package Manager local server
ScheduleIndexationOnStartup MainProcess:False IndexOnStartup:True
Mono: successfully reloaded assembly
- Finished resetting the current domain, in  4.674 seconds
Domain Reload Profiling: 6377ms
	BeginReloadAssembly (370ms)
		ExecutionOrderSort (0ms)
		DisableScriptedObjects (14ms)
		BackupInstance (0ms)
		ReleaseScriptingObjects (1ms)
		CreateAndSetChildDomain (131ms)
	RebuildCommonClasses (52ms)
	RebuildNativeTypeToScriptingClass (22ms)
	initialDomainReloadingComplete (40ms)
	LoadAllAssembliesAndSetupDomain (1214ms)
		LoadAssemblies (742ms)
		RebuildTransferFunctionScriptingTraits (0ms)
		AnalyzeDomain (606ms)
			TypeCache.Refresh (26ms)
				TypeCache.ScanAssembly (0ms)
			BuildScriptInfoCaches (537ms)
			ResolveRequiredComponents (32ms)
	FinalizeReload (4678ms)
		ReleaseScriptCaches (0ms)
		RebuildScriptCaches (0ms)
		SetupLoadedEditorAssemblies (4315ms)
			LogAssemblyErrors (0ms)
			InitializePlatformSupportModulesInManaged (33ms)
			SetLoadedEditorAssemblies (10ms)
			BeforeProcessingInitializeOnLoad (401ms)
			ProcessInitializeOnLoadAttributes (2969ms)
			ProcessInitializeOnLoadMethodAttributes (891ms)
			AfterProcessingInitializeOnLoad (12ms)
			EditorAssembliesLoaded (1ms)
		ExecutionOrderSort2 (0ms)
		AwakeInstancesAfterBackupRestoration (52ms)
WARNING: Shader Unsupported: 'Toon/Lit Outline' - All subshaders removed
WARNING: Shader Did you use #pragma only_renderers and omit this platform?
WARNING: Shader If subshaders removal was intentional, you may have forgotten turning Fallback off?
WARNING: Shader Unsupported: 'Toon/Lit Outline' - All subshaders removed
WARNING: Shader Did you use #pragma only_renderers and omit this platform?
WARNING: Shader If subshaders removal was intentional, you may have forgotten turning Fallback off?
WARNING: Shader Unsupported: 'SkyMaster/SMFoggyTerrainFP' - All subshaders removed
WARNING: Shader Did you use #pragma only_renderers and omit this platform?
WARNING: Shader If subshaders removal was intentional, you may have forgotten turning Fallback off?
WARNING: Shader Unsupported: 'SkyMaster/SMFoggyTerrainFP' - All subshaders removed
WARNING: Shader Did you use #pragma only_renderers and omit this platform?
WARNING: Shader If subshaders removal was intentional, you may have forgotten turning Fallback off?
WARNING: Shader Unsupported: 'Toon/Basic Outline' - All subshaders removed
WARNING: Shader Did you use #pragma only_renderers and omit this platform?
WARNING: Shader If subshaders removal was intentional, you may have forgotten turning Fallback off?
WARNING: Shader Unsupported: 'Toon/Basic Outline' - All subshaders removed
WARNING: Shader Did you use #pragma only_renderers and omit this platform?
WARNING: Shader If subshaders removal was intentional, you may have forgotten turning Fallback off?
Shader 'Hidden/FXAA Preset 2_SM': fallback shader 'Hidden/FXAA II' not found
Shader 'Hidden/FXAA Preset 3_SM': fallback shader 'Hidden/FXAA II' not found
Shader 'SkyMaster/Terrain SNOW Lite': dependency 'AddPassShader' shader 'Hidden/Nature/Terrain/Bumped Specular AddPass' not found
Refreshing native plugins compatible for Editor in 22.32 ms, found 25 plugins.
Preloading 1 native plugins for Editor in 0.16 ms.
Unloading 87 Unused Serialized files (Serialized files now loaded: 0)
Unloading 10940 unused Assets / (28.4 MB). Loaded Objects now: 11990.
Memory consumption went from 290.2 MB to 261.8 MB.
Total: 68.457200 ms (FindLiveObjects: 10.485900 ms CreateObjectMapping: 8.481100 ms MarkObjects: 24.249100 ms  DeleteObjects: 25.238500 ms)

Prepare: number of updated asset objects reloaded= 0
